Date,Price,rtn
1/11/2005,1553.4,-0.00739
1/12/2005,1565.78,0.00794
1/13/2005,1545.18,-0.01324
1/14/2005,1561.11,0.01026
1/18/2005,1573.49,0.00790
1/19/2005,1545.65,-0.01785
1/20/2005,1514.56,-0.02032
1/21/2005,1503.64,-0.00724
1/24/2005,1480.66,-0.01540
1/25/2005,1490.57,0.00667
1/26/2005,1509.01,0.01230
1/27/2005,1507.55,-0.00097
1/28/2005,1499.46,-0.00538
1/31/2005,1519.63,0.01336
2/1/2005,1523.66,0.00265
2/2/2005,1525.1,0.00094
2/3/2005,1508.24,-0.01112
2/4/2005,1534.49,0.01725
2/7/2005,1529.05,-0.00355
2/8/2005,1532.69,0.00238
2/9/2005,1506.81,-0.01703
2/10/2005,1506.83,0.00001
2/11/2005,1530.51,0.01559
2/14/2005,1538.21,0.00502
2/15/2005,1547.3,0.00589
2/16/2005,1542.41,-0.00317
2/17/2005,1519.29,-0.01510
2/18/2005,1515.4,-0.00256
2/22/2005,1494.07,-0.01418
2/23/2005,1497.09,0.00202
2/24/2005,1517.71,0.01368
2/25/2005,1526.9,0.00604
2/28/2005,1511.02,-0.01045
3/1/2005,1527.25,0.01068
3/2/2005,1525.28,-0.00129
3/3/2005,1511.89,-0.00882
3/4/2005,1520.58,0.00573
3/7/2005,1545.2,0.01606
3/8/2005,1528.65,-0.01077
3/9/2005,1521.98,-0.00437
3/10/2005,1524.38,0.00158
3/11/2005,1505.64,-0.01237
3/14/2005,1515.09,0.00626
3/15/2005,1502.06,-0.00864
3/16/2005,1486.23,-0.01059
3/17/2005,1487.63,0.00094
3/18/2005,1484.4,-0.00217
3/21/2005,1484.45,0.00003
3/22/2005,1465.09,-0.01313
3/23/2005,1471.77,0.00455
3/24/2005,1469.94,-0.00124
3/28/2005,1472.71,0.00188
3/29/2005,1464.34,-0.00570
3/30/2005,1491.74,0.01854
3/31/2005,1482.53,-0.00619
4/1/2005,1469.35,-0.00893
4/4/2005,1476.72,0.00500
4/5/2005,1483.75,0.00475
4/6/2005,1480.67,-0.00208
4/7/2005,1499.71,0.01278
4/8/2005,1485.6,-0.00945
4/11/2005,1478.55,-0.00476
4/12/2005,1489.16,0.00715
4/13/2005,1461.68,-0.01863
4/14/2005,1441.13,-0.01416
4/15/2005,1408.59,-0.02284
4/18/2005,1409.98,0.00099
4/19/2005,1420.8,0.00764
4/20/2005,1406.85,-0.00987
4/21/2005,1447.37,0.02839
4/22/2005,1421.21,-0.01824
4/25/2005,1437.31,0.01126
4/26/2005,1420.43,-0.01181
4/27/2005,1423.76,0.00234
4/28/2005,1409.29,-0.01022
4/29/2005,1420.79,0.00813
5/2/2005,1423.71,0.00205
5/3/2005,1427.61,0.00274
5/4/2005,1452.2,0.01708
5/5/2005,1450.16,-0.00141
5/6/2005,1456,0.00402
5/9/2005,1463.38,0.00506
5/10/2005,1450.36,-0.00894
5/11/2005,1459.55,0.00632
5/12/2005,1454.79,-0.00327
5/13/2005,1470.63,0.01083
5/16/2005,1480.68,0.00681
5/17/2005,1490.14,0.00637
5/18/2005,1509.26,0.01275
5/19/2005,1521.43,0.00803
5/20/2005,1528.06,0.00435
5/23/2005,1535.22,0.00467
5/24/2005,1540.47,0.00341
5/25/2005,1532.71,-0.00505
5/26/2005,1548.8,0.01044
5/27/2005,1549.8,0.00065
5/31/2005,1542.63,-0.00464
6/1/2005,1559.5,0.01088
6/2/2005,1568.96,0.00605
6/3/2005,1544.48,-0.01573
6/6/2005,1545.27,0.00051
6/7/2005,1531.12,-0.00920
6/8/2005,1527.68,-0.00225
6/9/2005,1539.46,0.00768
6/10/2005,1521.02,-0.01205
6/13/2005,1529.13,0.00532
6/14/2005,1524.42,-0.00308
6/15/2005,1529.49,0.00332
6/16/2005,1537.42,0.00517
6/17/2005,1538.13,0.00046
6/20/2005,1537.31,-0.00053
6/21/2005,1536.48,-0.00054
6/22/2005,1534.36,-0.00138
6/23/2005,1515.95,-0.01207
6/24/2005,1500.18,-0.01046
6/27/2005,1493.75,-0.00430
6/28/2005,1508.61,0.00990
6/29/2005,1504.11,-0.00299
6/30/2005,1493.52,-0.00707
7/1/2005,1490.53,-0.00200
7/5/2005,1506.35,0.01056
7/6/2005,1498.05,-0.00553
7/7/2005,1503.78,0.00382
7/8/2005,1533.27,0.01942
7/11/2005,1547.66,0.00934
7/12/2005,1555.59,0.00511
7/13/2005,1557.62,0.00130
7/14/2005,1573.44,0.01011
7/15/2005,1577.82,0.00278
7/18/2005,1570.09,-0.00491
7/19/2005,1590.49,0.01291
7/20/2005,1602.75,0.00768
7/21/2005,1601.89,-0.00054
7/22/2005,1600.76,-0.00071
7/25/2005,1593.57,-0.00450
7/26/2005,1598.93,0.00336
7/27/2005,1611.95,0.00811
7/28/2005,1618.64,0.00414
7/29/2005,1605.14,-0.00838
8/1/2005,1610.11,0.00309
8/2/2005,1627.01,0.01044
8/3/2005,1627.19,0.00011
8/4/2005,1608.74,-0.01140
8/5/2005,1601.59,-0.00445
8/8/2005,1589.97,-0.00728
8/9/2005,1601.14,0.00700
8/10/2005,1585.71,-0.00968
8/11/2005,1600.65,0.00938
8/12/2005,1591.75,-0.00558
8/15/2005,1600.71,0.00561
8/16/2005,1574.01,-0.01682
8/17/2005,1582.29,0.00525
8/18/2005,1575.76,-0.00414
8/19/2005,1573.72,-0.00130
8/22/2005,1575.59,0.00119
8/23/2005,1571.3,-0.00273
8/24/2005,1561.71,-0.00612
8/25/2005,1565.88,0.00267
8/26/2005,1558.84,-0.00451
8/29/2005,1571.52,0.00810
8/30/2005,1565.73,-0.00369
8/31/2005,1581.71,0.01015
9/1/2005,1577.25,-0.00282
9/2/2005,1573.12,-0.00262
9/6/2005,1597.27,0.01524
9/7/2005,1599.86,0.00162
9/8/2005,1597.68,-0.00136
9/9/2005,1607.83,0.00633
9/12/2005,1612.2,0.00271
9/13/2005,1607.38,-0.00299
9/14/2005,1589.63,-0.01110
9/15/2005,1588.55,-0.00068
9/16/2005,1599.44,0.00683
9/19/2005,1586.05,-0.00841
9/20/2005,1578.2,-0.00496
9/21/2005,1561.84,-0.01042
9/22/2005,1567.36,0.00353
9/23/2005,1571.75,0.00280
9/26/2005,1572.86,0.00071
9/27/2005,1568.84,-0.00256
9/28/2005,1568.81,-0.00002
9/29/2005,1589.93,0.01337
9/30/2005,1601.66,0.00735
10/3/2005,1605.59,0.00245
10/4/2005,1595.54,-0.00628
10/5/2005,1571.52,-0.01517
10/6/2005,1552.94,-0.01189
10/7/2005,1555.92,0.00192
10/10/2005,1546.99,-0.00576
10/11/2005,1539.31,-0.00498
10/12/2005,1521.19,-0.01184
10/13/2005,1533.8,0.00826
10/14/2005,1544.29,0.00682
10/17/2005,1549.88,0.00361
10/18/2005,1538.43,-0.00742
10/19/2005,1569.61,0.02006
10/20/2005,1555.59,-0.00897
10/21/2005,1565.12,0.00611
10/24/2005,1590.65,0.01618
10/25/2005,1585.82,-0.00304
10/26/2005,1575.14,-0.00676
10/27/2005,1543.38,-0.02037
10/28/2005,1557.11,0.00886
10/31/2005,1579.18,0.01407
11/1/2005,1576.52,-0.00169
11/2/2005,1597.29,0.01309
11/3/2005,1619.67,0.01391
11/4/2005,1628.03,0.00515
11/7/2005,1629.27,0.00076
11/8/2005,1628.4,-0.00053
11/9/2005,1630.21,0.00111
11/10/2005,1650.93,0.01263
11/11/2005,1653.36,0.00147
11/14/2005,1651.9,-0.00088
11/15/2005,1644.31,-0.00461
11/16/2005,1651.45,0.00433
11/17/2005,1676.39,0.01499
11/18/2005,1679.85,0.00206
11/21/2005,1686.23,0.00379
11/22/2005,1694.14,0.00468
11/23/2005,1696.77,0.00155
11/25/2005,1701.05,0.00252
11/28/2005,1684.39,-0.00984
11/29/2005,1676.84,-0.00449
11/30/2005,1672.56,-0.00256
12/1/2005,1704.28,0.01879
12/2/2005,1709.1,0.00282
12/5/2005,1694.77,-0.00842
12/6/2005,1701.35,0.00388
12/7/2005,1697.04,-0.00254
12/8/2005,1685.59,-0.00677
12/9/2005,1692.62,0.00416
12/12/2005,1698.35,0.00338
12/13/2005,1705.77,0.00436
12/14/2005,1698.98,-0.00399
12/15/2005,1701.7,0.00160
12/16/2005,1688.68,-0.00768
12/19/2005,1664.36,-0.01451
12/20/2005,1665.07,0.00043
12/21/2005,1670.61,0.00332
12/22/2005,1683.35,0.00760
12/23/2005,1682.92,-0.00026
12/27/2005,1668.37,-0.00868
12/28/2005,1667.1,-0.00076
12/29/2005,1655.36,-0.00707
12/30/2005,1645.2,-0.00616
1/3/2006,1679.93,0.02089
1/4/2006,1695.83,0.00942
1/5/2006,1705.29,0.00556
1/6/2006,1734.99,0.01727
1/9/2006,1741.9,0.00397
1/10/2006,1744.02,0.00122
1/11/2006,1758.24,0.00812
1/12/2006,1747.35,-0.00621
1/13/2006,1746.78,-0.00033
1/17/2006,1736.39,-0.00597
1/18/2006,1716.62,-0.01145
1/19/2006,1729.92,0.00772
1/20/2006,1676.38,-0.03144
1/23/2006,1676.3,-0.00005
1/24/2006,1686.22,0.00590
1/25/2006,1677,-0.00548
1/26/2006,1690.49,0.00801
1/27/2006,1711.11,0.01212
1/30/2006,1713.45,0.00137
1/31/2006,1710.75,-0.00158
2/1/2006,1713.02,0.00133
2/2/2006,1685.77,-0.01604
2/3/2006,1664.53,-0.01268
2/6/2006,1657.54,-0.00421
2/7/2006,1651.84,-0.00344
2/8/2006,1670.47,0.01122
2/9/2006,1654.08,-0.00986
2/10/2006,1663.75,0.00583
2/13/2006,1645.83,-0.01083
2/14/2006,1661.95,0.00975
2/15/2006,1673.15,0.00672
2/16/2006,1688.61,0.00920
2/17/2006,1675.21,-0.00797
2/21/2006,1655.68,-0.01173
2/22/2006,1677.52,0.01310
2/23/2006,1672.29,-0.00312
2/24/2006,1676.5,0.00251
2/27/2006,1695.66,0.01136
2/28/2006,1670.57,-0.01491
3/1/2006,1694.58,0.01427
3/2/2006,1693.78,-0.00047
3/3/2006,1684.32,-0.00560
3/6/2006,1669.94,-0.00857
3/7/2006,1661.02,-0.00536
3/8/2006,1661.86,0.00051
3/9/2006,1645.09,-0.01014
3/10/2006,1648.23,0.00191
3/13/2006,1653.79,0.00337
3/14/2006,1681.15,0.01641
3/15/2006,1694.46,0.00789
3/16/2006,1679.05,-0.00914
3/17/2006,1685.66,0.00393
3/20/2006,1688.98,0.00197
3/21/2006,1672.47,-0.00982
3/22/2006,1676.32,0.00230
3/23/2006,1670.73,-0.00334
3/24/2006,1679.81,0.00542
3/27/2006,1680.63,0.00049
3/28/2006,1673.03,-0.00453
3/29/2006,1703.84,0.01825
3/30/2006,1708.68,0.00284
3/31/2006,1703.66,-0.00294
4/3/2006,1706.77,0.00182
4/4/2006,1716.55,0.00571
4/5/2006,1732.74,0.00939
4/6/2006,1739.2,0.00372
4/7/2006,1723.03,-0.00934
4/10/2006,1718.86,-0.00242
4/11/2006,1704.4,-0.00845
4/12/2006,1704.75,0.00021
4/13/2006,1712.07,0.00428
4/17/2006,1694.32,-0.01042
4/18/2006,1726.64,0.01890
4/19/2006,1734.04,0.00428
4/20/2006,1728.9,-0.00297
4/21/2006,1709.02,-0.01157
4/24/2006,1706.44,-0.00151
4/25/2006,1701.47,-0.00292
4/26/2006,1702.2,0.00043
4/27/2006,1717.14,0.00874
4/28/2006,1700.71,-0.00961
5/1/2006,1686.61,-0.00833
5/2/2006,1689.93,0.00197
5/3/2006,1686.3,-0.00215
5/4/2006,1701.03,0.00870
5/5/2006,1713.84,0.00750
5/8/2006,1715.23,0.00081
5/9/2006,1711.17,-0.00237
5/10/2006,1694.82,-0.00960
5/11/2006,1657.48,-0.02228
5/12/2006,1635.81,-0.01316
5/15/2006,1634.78,-0.00063
5/16/2006,1623.69,-0.00681
5/17/2006,1598.91,-0.01538
5/18/2006,1587.11,-0.00741
5/19/2006,1600.86,0.00863
5/22/2006,1584.57,-0.01023
5/23/2006,1569.01,-0.00987
5/24/2006,1580.18,0.00709
5/25/2006,1599.68,0.01226
5/26/2006,1606.37,0.00417
5/30/2006,1571.29,-0.02208
5/31/2006,1579.58,0.00526
6/1/2006,1616.57,0.02315
6/2/2006,1612.9,-0.00227
6/5/2006,1577.5,-0.02219
6/6/2006,1575.39,-0.00134
6/7/2006,1565.22,-0.00648
6/8/2006,1561.55,-0.00235
6/9/2006,1550.97,-0.00680
6/12/2006,1520.31,-0.01997
6/13/2006,1516.85,-0.00228
6/14/2006,1530.26,0.00880
6/15/2006,1573.08,0.02760
6/16/2006,1562.84,-0.00653
6/19/2006,1548.94,-0.00893
6/20/2006,1548.32,-0.00040
6/21/2006,1573.56,0.01617
6/22/2006,1554.49,-0.01219
6/23/2006,1551.05,-0.00222
6/26/2006,1556.17,0.00330
6/27/2006,1527,-0.01892
6/28/2006,1538.25,0.00734
6/29/2006,1585.56,0.03029
6/30/2006,1575.23,-0.00654
7/3/2006,1586.25,0.00697
7/5/2006,1553.95,-0.02057
7/6/2006,1551.55,-0.00155
7/7/2006,1533.71,-0.01156
7/10/2006,1520.9,-0.00839
7/11/2006,1533.06,0.00796
7/12/2006,1501.46,-0.02083
7/13/2006,1478.16,-0.01564
7/14/2006,1462.17,-0.01088
7/17/2006,1468.5,0.00432
7/18/2006,1472.34,0.00261
7/19/2006,1490.6,0.01233
7/20/2006,1466.89,-0.01603
7/21/2006,1451.88,-0.01029
7/24/2006,1482.34,0.02076
7/25/2006,1489.52,0.00483
7/26/2006,1487.88,-0.00110
7/27/2006,1478.53,-0.00630
7/28/2006,1510.3,0.02126
7/31/2006,1509.43,-0.00058
8/1/2006,1484.94,-0.01636
8/2/2006,1500.48,0.01041
8/3/2006,1510.6,0.00672
8/4/2006,1503.84,-0.00449
8/7/2006,1494.13,-0.00648
8/8/2006,1484.8,-0.00626
8/9/2006,1485.64,0.00057
8/10/2006,1496.28,0.00714
8/11/2006,1486.74,-0.00640
8/14/2006,1494.33,0.00509
8/15/2006,1534.43,0.02648
8/16/2006,1570.06,0.02295
8/17/2006,1573.59,0.00225
8/18/2006,1576.46,0.00182
8/21/2006,1561.12,-0.00978
8/22/2006,1563.43,0.00148
8/23/2006,1550.41,-0.00836
8/24/2006,1555.19,0.00308
8/25/2006,1557.7,0.00161
8/28/2006,1570.29,0.00805
8/29/2006,1573.65,0.00214
8/30/2006,1581.95,0.00526
8/31/2006,1579.73,-0.00140
9/1/2006,1589.47,0.00615
9/5/2006,1603.69,0.00891
9/6/2006,1572.2,-0.01983
9/7/2006,1564.84,-0.00469
9/8/2006,1574.71,0.00629
9/11/2006,1583.78,0.00574
9/12/2006,1615.75,0.01998
9/13/2006,1623.99,0.00509
9/14/2006,1625.98,0.00122
9/15/2006,1632.44,0.00397
9/18/2006,1632.17,-0.00017
9/19/2006,1621.07,-0.00682
9/20/2006,1645.35,0.01487
9/21/2006,1634.87,-0.00639
9/22/2006,1622.37,-0.00768
9/25/2006,1650.37,0.01711
9/26/2006,1659.2,0.00534
9/27/2006,1655.67,-0.00213
9/28/2006,1661.59,0.00357
9/29/2006,1654.13,-0.00450
10/2/2006,1632.81,-0.01297
10/3/2006,1640.29,0.00457
10/4/2006,1681.14,0.02460
10/5/2006,1689.43,0.00492
10/6/2006,1684.88,-0.00270
10/9/2006,1691.08,0.00367
10/10/2006,1693.29,0.00131
10/11/2006,1691.28,-0.00119
10/12/2006,1718.54,0.01599
10/13/2006,1727.21,0.00503
10/16/2006,1727.61,0.00023
10/17/2006,1709.61,-0.01047
10/18/2006,1700.75,-0.00520
10/19/2006,1706.37,0.00330
10/20/2006,1709.58,0.00188
10/23/2006,1725.93,0.00952
10/24/2006,1713.88,-0.00701
10/25/2006,1726.76,0.00749
10/26/2006,1744.07,0.00997
10/27/2006,1717.61,-0.01529
10/30/2006,1727.8,0.00592
10/31/2006,1732.54,0.00274
11/1/2006,1707.65,-0.01447
11/2/2006,1710.17,0.00147
11/3/2006,1703.98,-0.00363
11/6/2006,1732.26,0.01646
11/7/2006,1741.53,0.00534
11/8/2006,1749.75,0.00471
11/9/2006,1740.14,-0.00551
11/10/2006,1751.11,0.00628
11/13/2006,1768,0.00960
11/14/2006,1787.23,0.01082
11/15/2006,1793.82,0.00368
11/16/2006,1801.97,0.00453
11/17/2006,1800.67,-0.00072
11/20/2006,1803.81,0.00174
11/21/2006,1808.88,0.00281
11/22/2006,1819.76,0.00600
11/24/2006,1815.53,-0.00233
11/27/2006,1775.17,-0.02248
11/28/2006,1780.34,0.00291
11/29/2006,1792.77,0.00696
11/30/2006,1791.25,-0.00085
12/1/2006,1775.12,-0.00905
12/4/2006,1799.93,0.01388
12/5/2006,1804.85,0.00273
12/6/2006,1799.13,-0.00317
12/7/2006,1777.46,-0.01212
12/8/2006,1786.21,0.00491
12/11/2006,1791.74,0.00309
12/12/2006,1781.97,-0.00547
12/13/2006,1783.44,0.00082
12/14/2006,1803.41,0.01114
12/15/2006,1808.56,0.00285
12/18/2006,1790.99,-0.00976
12/19/2006,1785.12,-0.00328
12/20/2006,1777.92,-0.00404
12/21/2006,1766.28,-0.00657
12/22/2006,1748.61,-0.01005
12/26/2006,1753.55,0.00282
12/27/2006,1763.41,0.00561
12/28/2006,1758.94,-0.00254
12/29/2006,1756.9,-0.00116
1/3/2007,1759.37,0.00140
1/4/2007,1792.91,0.01888
1/5/2007,1785.3,-0.00425
1/8/2007,1787.14,0.00103
1/9/2007,1795.63,0.00474
1/10/2007,1816.15,0.01136
1/11/2007,1834.86,0.01025
1/12/2007,1844.81,0.00541
1/16/2007,1842.44,-0.00129
1/17/2007,1827.68,-0.00804
1/18/2007,1793.68,-0.01878
1/19/2007,1796.81,0.00174
1/22/2007,1779.02,-0.00995
1/23/2007,1773.4,-0.00316
1/24/2007,1802.63,0.01635
1/25/2007,1777.75,-0.01390
1/26/2007,1772.97,-0.00269
1/29/2007,1775.08,0.00119
1/30/2007,1777.76,0.00151
1/31/2007,1792.28,0.00813
2/1/2007,1791.45,-0.00046
2/2/2007,1798.13,0.00372
2/5/2007,1795.39,-0.00152
2/6/2007,1793.06,-0.00130
2/7/2007,1810.95,0.00993
2/8/2007,1810.54,-0.00023
2/9/2007,1785.53,-0.01391
2/12/2007,1778.42,-0.00399
2/13/2007,1783.82,0.00303
2/14/2007,1814.98,0.01732
2/15/2007,1823.41,0.00463
2/16/2007,1821.49,-0.00105
2/20/2007,1833.71,0.00669
2/21/2007,1839.13,0.00295
2/22/2007,1846.34,0.00391
2/23/2007,1839.77,-0.00356
2/26/2007,1830.59,-0.00500
2/27/2007,1756.27,-0.04145
2/28/2007,1761.6,0.00303
3/1/2007,1753.45,-0.00464
3/2/2007,1726.03,-0.01576
3/5/2007,1712.94,-0.00761
3/6/2007,1743.1,0.01745
3/7/2007,1736.1,-0.00402
3/8/2007,1746.43,0.00593
3/9/2007,1744.74,-0.00097
3/12/2007,1756.42,0.00667
3/13/2007,1722.48,-0.01951
3/14/2007,1743.15,0.01193
3/15/2007,1744.87,0.00099
3/16/2007,1742.23,-0.00151
3/19/2007,1758.23,0.00914
3/20/2007,1767.25,0.00512
3/21/2007,1806.35,0.02188
3/22/2007,1799.75,-0.00366
3/23/2007,1794.04,-0.00318
3/26/2007,1802.95,0.00495
3/27/2007,1789.93,-0.00725
3/28/2007,1770.54,-0.01089
3/29/2007,1771.72,0.00067
3/30/2007,1772.36,0.00036
4/2/2007,1773.33,0.00055
4/3/2007,1796.31,0.01288
4/4/2007,1801.74,0.00302
4/5/2007,1812.94,0.00620
4/9/2007,1808.19,-0.00262
4/10/2007,1816.93,0.00482
4/11/2007,1798.09,-0.01042
4/12/2007,1813.49,0.00853
4/13/2007,1816.85,0.00185
4/16/2007,1833.96,0.00937
4/17/2007,1834.91,0.00052
4/18/2007,1832.39,-0.00137
4/19/2007,1832.47,0.00004
4/20/2007,1845.89,0.00730
4/23/2007,1850.18,0.00232
4/24/2007,1858.87,0.00469
4/25/2007,1881.33,0.01201
4/26/2007,1889.57,0.00437
4/27/2007,1891.06,0.00079
4/30/2007,1867.75,-0.01240
5/1/2007,1873.43,0.00304
5/2/2007,1889.73,0.00866
5/3/2007,1895.64,0.00312
5/4/2007,1895.7,0.00003
5/7/2007,1895.96,0.00014
5/8/2007,1899.83,0.00204
5/9/2007,1905.65,0.00306
5/10/2007,1875.2,-0.01611
5/11/2007,1898.79,0.01250
5/14/2007,1888.08,-0.00566
5/15/2007,1871.79,-0.00867
5/16/2007,1891.57,0.01051
5/17/2007,1884.68,-0.00365
5/18/2007,1896.93,0.00648
5/21/2007,1911.16,0.00747
5/22/2007,1916.45,0.00276
5/23/2007,1904.41,-0.00630
5/24/2007,1874.6,-0.01578
5/25/2007,1889.25,0.00778
5/29/2007,1899.79,0.00556
5/30/2007,1918.08,0.00958
5/31/2007,1928.19,0.00526
6/1/2007,1928.26,0.00004
6/4/2007,1933.73,0.00283
6/5/2007,1932.35,-0.00071
6/6/2007,1914.85,-0.00910
6/7/2007,1882.17,-0.01721
6/8/2007,1906.26,0.01272
6/11/2007,1901.96,-0.00226
6/12/2007,1890.67,-0.00595
6/13/2007,1913.87,0.01220
6/14/2007,1924.54,0.00556
6/15/2007,1942.41,0.00924
6/18/2007,1944.37,0.00101
6/19/2007,1941.75,-0.00135
6/20/2007,1922.12,-0.01016
6/21/2007,1941.32,0.00994
6/22/2007,1921.94,-0.01003
6/25/2007,1912.9,-0.00471
6/26/2007,1908.64,-0.00223
6/27/2007,1933.06,0.01271
6/28/2007,1931.67,-0.00072
6/29/2007,1934.1,0.00126
7/2/2007,1954.12,0.01030
7/3/2007,1965.2,0.00565
7/5/2007,1981.06,0.00804
7/6/2007,1988.31,0.00365
7/9/2007,1989.2,0.00045
7/10/2007,1971.89,-0.00874
7/11/2007,1984.08,0.00616
7/12/2007,2021.03,0.01845
7/13/2007,2032.16,0.00549
7/16/2007,2028.02,-0.00204
7/17/2007,2041.78,0.00676
7/18/2007,2037.98,-0.00186
7/19/2007,2052.99,0.00734
7/20/2007,2035.88,-0.00837
7/23/2007,2036.33,0.00022
7/24/2007,2000.55,-0.01773
7/25/2007,2011.14,0.00528
7/26/2007,1986.6,-0.01228
7/27/2007,1956.19,-0.01543
7/30/2007,1973.93,0.00903
7/31/2007,1932.06,-0.02144
8/1/2007,1945.08,0.00672
8/2/2007,1966.6,0.01100
8/3/2007,1918.56,-0.02473
8/6/2007,1954.37,0.01849
8/7/2007,1961.64,0.00371
8/8/2007,1987.34,0.01302
8/9/2007,1936.76,-0.02578
8/10/2007,1925.14,-0.00602
8/13/2007,1934.41,0.00480
8/14/2007,1901.32,-0.01725
8/15/2007,1864.92,-0.01933
8/16/2007,1846.09,-0.01015
8/17/2007,1888.78,0.02286
8/20/2007,1893.05,0.00226
8/21/2007,1910.99,0.00943
8/22/2007,1936.77,0.01340
8/23/2007,1931.88,-0.00253
8/24/2007,1961.38,0.01515
8/27/2007,1947.49,-0.00711
8/28/2007,1899.24,-0.02509
8/29/2007,1954.85,0.02886
8/30/2007,1963.75,0.00454
8/31/2007,1988.73,0.01264
9/4/2007,2020.51,0.01585
9/5/2007,1994.38,-0.01302
9/6/2007,1998.67,0.00215
9/7/2007,1958.35,-0.02038
9/10/2007,1960.2,0.00094
9/11/2007,1988.98,0.01458
9/12/2007,1988.96,-0.00001
9/13/2007,1998.63,0.00485
9/14/2007,2000.82,0.00110
9/17/2007,1983.08,-0.00891
9/18/2007,2035.37,0.02603
9/19/2007,2041.36,0.00294
9/20/2007,2032.61,-0.00430
9/21/2007,2049.48,0.00827
9/24/2007,2057.25,0.00378
9/25/2007,2076.83,0.00947
9/26/2007,2088.38,0.00555
9/27/2007,2096.39,0.00383
9/28/2007,2091.11,-0.00252
10/1/2007,2116.97,0.01229
10/2/2007,2115.89,-0.00051
10/3/2007,2103.01,-0.00611
10/4/2007,2105.56,0.00121
10/5/2007,2149.67,0.02073
10/8/2007,2163.26,0.00630
10/9/2007,2171.21,0.00367
10/10/2007,2176.98,0.00265
10/11/2007,2140.92,-0.01670
10/12/2007,2177.99,0.01717
10/15/2007,2158.92,-0.00879
10/16/2007,2151.14,-0.00361
10/17/2007,2179.14,0.01293
10/18/2007,2187.52,0.00384
10/19/2007,2131.08,-0.02614
10/22/2007,2157.45,0.01230
10/23/2007,2205.18,0.02188
10/24/2007,2188.59,-0.00755
10/25/2007,2161.52,-0.01245
10/26/2007,2194.59,0.01518
10/29/2007,2203.42,0.00402
10/30/2007,2207.61,0.00190
10/31/2007,2238.98,0.01411
11/1/2007,2197.07,-0.01890
11/2/2007,2213.86,0.00761
11/5/2007,2200.48,-0.00606
11/6/2007,2223.97,0.01062
11/7/2007,2169.43,-0.02483
11/8/2007,2106.16,-0.02960
11/9/2007,2034.3,-0.03471
11/12/2007,1982.16,-0.02596
11/13/2007,2066.08,0.04147
11/14/2007,2038.05,-0.01366
11/15/2007,2024.03,-0.00690
11/16/2007,2048.62,0.01208
11/19/2007,2021.14,-0.01350
11/20/2007,2029.94,0.00434
11/21/2007,2006.38,-0.01167
11/23/2007,2028.9,0.01116
11/26/2007,1989.36,-0.01968
11/27/2007,2033.76,0.02207
11/28/2007,2095.39,0.02985
11/29/2007,2102.42,0.00335
11/30/2007,2089.1,-0.00636
12/3/2007,2067.45,-0.01042
12/4/2007,2059.06,-0.00407
12/5/2007,2099.31,0.01936
12/6/2007,2127.65,0.01341
12/7/2007,2130,0.00110
12/10/2007,2134.88,0.00229
12/11/2007,2083.72,-0.02426
12/12/2007,2101.36,0.00843
12/13/2007,2094.68,-0.00318
12/14/2007,2072.11,-0.01083
12/17/2007,2020.8,-0.02507
12/18/2007,2029.49,0.00429
12/19/2007,2031,0.00074
12/20/2007,2069.68,0.01887
12/21/2007,2111.77,0.02013
12/24/2007,2128.62,0.00795
12/26/2007,2136.94,0.00390
12/27/2007,2106.09,-0.01454
12/28/2007,2107.05,0.00046
12/31/2007,2084.93,-0.01055
1/2/2008,2049.71,-0.01704
1/3/2008,2051.76,0.00100
1/4/2008,1963.52,-0.04396
1/7/2008,1957.44,-0.00310
1/8/2008,1910.33,-0.02436
1/9/2008,1949.2,0.02014
1/10/2008,1953.64,0.00228
1/11/2008,1912.81,-0.02112
1/14/2008,1949.15,0.01882
1/15/2008,1894.09,-0.02865
1/16/2008,1872.29,-0.01158
1/17/2008,1842.1,-0.01626
1/18/2008,1844.09,0.00108
1/22/2008,1795.61,-0.02664
1/23/2008,1789.53,-0.00339
1/24/2008,1826.92,0.02068
1/25/2008,1789.17,-0.02088
1/28/2008,1805.08,0.00885
1/29/2008,1807.67,0.00143
1/30/2008,1808.51,0.00046
1/31/2008,1841.42,0.01803
2/1/2008,1855.27,0.00749
2/4/2008,1828.8,-0.01437
2/5/2008,1773.49,-0.03071
2/6/2008,1740.95,-0.01852
2/7/2008,1753.3,0.00707
2/8/2008,1773.74,0.01159
2/11/2008,1793.09,0.01085
2/12/2008,1780.54,-0.00702
2/13/2008,1823,0.02357
2/14/2008,1787.59,-0.01962
2/15/2008,1780.38,-0.00404
2/19/2008,1764.81,-0.00878
2/20/2008,1787.45,0.01275
2/21/2008,1766.3,-0.01190
2/22/2008,1773.44,0.00403
2/25/2008,1785.46,0.00675
2/26/2008,1791.31,0.00327
2/27/2008,1799.94,0.00481
2/28/2008,1794.46,-0.00305
2/29/2008,1745.27,-0.02779
3/3/2008,1733.27,-0.00690
3/4/2008,1743.7,0.00600
3/5/2008,1753.57,0.00564
3/6/2008,1712.5,-0.02370
3/7/2008,1707.5,-0.00292
3/10/2008,1673.03,-0.02039
3/11/2008,1740.95,0.03979
3/12/2008,1735.18,-0.00332
3/13/2008,1750.4,0.00873
3/14/2008,1713.83,-0.02111
3/17/2008,1687.19,-0.01567
3/18/2008,1761.05,0.04285
3/19/2008,1715.59,-0.02615
3/20/2008,1751.99,0.02100
3/24/2008,1814.4,0.03500
3/25/2008,1824.54,0.00557
3/26/2008,1817.28,-0.00399
3/27/2008,1777.89,-0.02191
3/28/2008,1767.57,-0.00582
3/31/2008,1781.93,0.00809
4/1/2008,1855.48,0.04045
4/2/2008,1848.8,-0.00361
4/3/2008,1855.19,0.00345
4/4/2008,1865.87,0.00574
4/7/2008,1860.83,-0.00270
4/8/2008,1846.14,-0.00793
4/9/2008,1826.19,-0.01087
4/10/2008,1852.97,0.01456
4/11/2008,1798.72,-0.02971
4/14/2008,1790.93,-0.00434
4/15/2008,1794.73,0.00212
4/16/2008,1846.89,0.02865
4/17/2008,1840.88,-0.00326
4/18/2008,1900.28,0.03176
4/21/2008,1913.12,0.00673
4/22/2008,1881.65,-0.01659
4/23/2008,1906.66,0.01320
4/24/2008,1924.58,0.00935
4/25/2008,1918.58,-0.00312
4/28/2008,1923.26,0.00244
4/29/2008,1933.6,0.00536
4/30/2008,1917.7,-0.00826
5/1/2008,1980.44,0.03219
5/2/2008,1981.87,0.00072
5/5/2008,1975.82,-0.00306
5/6/2008,1990.61,0.00746
5/7/2008,1951.42,-0.01988
5/8/2008,1966.86,0.00788
5/9/2008,1960.29,-0.00335
5/12/2008,1997.02,0.01856
5/13/2008,2000.61,0.00180
5/14/2008,1997.3,-0.00166
5/15/2008,2031.34,0.01690
5/16/2008,2031.27,-0.00003
5/19/2008,2016.6,-0.00725
5/20/2008,2000.67,-0.00793
5/21/2008,1956.8,-0.02217
5/22/2008,1964.92,0.00414
5/23/2008,1958.96,-0.00304
5/27/2008,1995.44,0.01845
5/28/2008,2000.07,0.00232
5/29/2008,2019.02,0.00943
5/30/2008,2032.57,0.00669
6/2/2008,2006.84,-0.01274
6/3/2008,1996.79,-0.00502
6/4/2008,2021.45,0.01227
6/5/2008,2055.11,0.01651
6/6/2008,1990.39,-0.03200
6/9/2008,1979.71,-0.00538
6/10/2008,1972.54,-0.00363
6/11/2008,1924.33,-0.02474
6/12/2008,1924.26,-0.00004
6/13/2008,1966.01,0.02146
6/16/2008,1984.76,0.00949
6/17/2008,1972.82,-0.00603
6/18/2008,1951.1,-0.01107
6/19/2008,1982.69,0.01606
6/20/2008,1928.39,-0.02777
6/23/2008,1913.31,-0.00785
6/24/2008,1903.74,-0.00501
6/25/2008,1933.86,0.01570
6/26/2008,1855.39,-0.04142
6/27/2008,1855.72,0.00018
6/30/2008,1837.09,-0.01009
7/1/2008,1862.71,0.01385
7/2/2008,1816.15,-0.02531
7/3/2008,1816.35,0.00011
7/7/2008,1826.93,0.00581
7/8/2008,1871.28,0.02399
7/9/2008,1819.18,-0.02824
7/10/2008,1839.57,0.01115
7/11/2008,1810.88,-0.01572
7/14/2008,1798.03,-0.00712
7/15/2008,1798.35,0.00018
7/16/2008,1843.87,0.02500
7/17/2008,1853.47,0.00519
7/18/2008,1823.23,-0.01645
7/21/2008,1819.76,-0.00191
7/22/2008,1821.62,0.00102
7/23/2008,1845.56,0.01306
7/24/2008,1816.98,-0.01561
7/25/2008,1846.55,0.01614
7/28/2008,1802.99,-0.02387
7/29/2008,1845.55,0.02333
7/30/2008,1852.8,0.00392
7/31/2008,1849.15,-0.00197
8/1/2008,1826.56,-0.01229
8/4/2008,1804.84,-0.01196
8/5/2008,1869.76,0.03534
8/6/2008,1895.21,0.01352
8/7/2008,1880.09,-0.00801
8/8/2008,1926.23,0.02425
8/11/2008,1941.23,0.00776
8/12/2008,1941.07,-0.00008
8/13/2008,1942.02,0.00049
8/14/2008,1964.38,0.01145
8/15/2008,1957.56,-0.00348
8/18/2008,1932.7,-0.01278
8/19/2008,1908.68,-0.01251
8/20/2008,1913.02,0.00227
8/21/2008,1906.74,-0.00329
8/22/2008,1931.47,0.01289
8/25/2008,1889.72,-0.02185
8/26/2008,1886.32,-0.00180
8/27/2008,1900.3,0.00738
8/28/2008,1915.12,0.00777
8/29/2008,1872.54,-0.02248
9/2/2008,1850.14,-0.01203
9/3/2008,1833.09,-0.00926
9/4/2008,1774.78,-0.03233
9/5/2008,1768.23,-0.00370
9/8/2008,1762.95,-0.00299
9/9/2008,1721.55,-0.02376
9/10/2008,1738.07,0.00955
9/11/2008,1773.65,0.02026
9/12/2008,1767.13,-0.00368
9/15/2008,1705.46,-0.03552
9/16/2008,1724.08,0.01086
9/17/2008,1632.45,-0.05461
9/18/2008,1697.42,0.03903
9/19/2008,1745.06,0.02768
9/22/2008,1665.94,-0.04640
9/23/2008,1648.4,-0.01058
9/24/2008,1661.33,0.00781
9/25/2008,1687.55,0.01566
9/26/2008,1672.04,-0.00923
9/29/2008,1496.15,-0.11115
9/30/2008,1594.63,0.06375
10/1/2008,1563.8,-0.01952
10/2/2008,1491.11,-0.04760
10/3/2008,1470.84,-0.01369
10/6/2008,1411.28,-0.04134
10/7/2008,1329.98,-0.05933
10/8/2008,1330.61,0.00047
10/9/2008,1275.1,-0.04261
10/10/2008,1269.8,-0.00417
10/13/2008,1429.54,0.11849
10/14/2008,1364.59,-0.04650
10/15/2008,1244.23,-0.09234
10/16/2008,1312.97,0.05377
10/17/2008,1311.72,-0.00095
10/20/2008,1352.76,0.03081
10/21/2008,1283.43,-0.05261
10/22/2008,1237.09,-0.03677
10/23/2008,1239.16,0.00167
10/24/2008,1202.27,-0.03022
10/27/2008,1169.78,-0.02740
10/28/2008,1297.57,0.10368
10/29/2008,1302.12,0.00350
10/30/2008,1333.94,0.02414
10/31/2008,1334.78,0.00063
11/3/2008,1334.75,-0.00002
11/4/2008,1378.4,0.03218
11/5/2008,1299.98,-0.05857
11/6/2008,1241.97,-0.04565
11/7/2008,1271.62,0.02359
11/10/2008,1251,-0.01635
11/11/2008,1225.59,-0.02052
11/12/2008,1165.38,-0.05038
11/13/2008,1240.93,0.06281
11/14/2008,1179.63,-0.05066
11/17/2008,1151.96,-0.02374
11/18/2008,1155.75,0.00328
11/19/2008,1087.6,-0.06078
11/20/2008,1036.51,-0.04811
11/21/2008,1085.57,0.04625
11/24/2008,1154.34,0.06142
11/25/2008,1142.58,-0.01024
11/26/2008,1193.09,0.04326
11/28/2008,1185.75,-0.00617
12/1/2008,1091.16,-0.08313
12/2/2008,1130,0.03498
12/3/2008,1166.2,0.03153
12/4/2008,1127.75,-0.03353
12/5/2008,1177.87,0.04348
12/8/2008,1225.06,0.03928
12/9/2008,1212.45,-0.01035
12/10/2008,1222.38,0.00816
12/11/2008,1180.46,-0.03490
12/12/2008,1206.65,0.02194
12/15/2008,1181.87,-0.02075
12/16/2008,1243.49,0.05082
12/17/2008,1225.86,-0.01428
12/18/2008,1204.69,-0.01742
12/19/2008,1217.19,0.01032
12/22/2008,1189.15,-0.02331
12/23/2008,1183.19,-0.00502
12/24/2008,1184.3,0.00094
12/26/2008,1185.44,0.00096
12/29/2008,1173.15,-0.01042
12/30/2008,1201.34,0.02375
12/31/2008,1211.65,0.00855
1/2/2009,1263.7,0.04206
1/5/2009,1262.52,-0.00093
1/6/2009,1274.49,0.00944
1/7/2009,1238.6,-0.02856
1/8/2009,1252.52,0.01118
1/9/2009,1223.01,-0.02384
1/12/2009,1201.13,-0.01805
1/13/2009,1202.65,0.00126
1/14/2009,1163.42,-0.03316
1/15/2009,1183.52,0.01713
1/16/2009,1198.14,0.01228
1/20/2009,1136.61,-0.05272
1/21/2009,1185.76,0.04233
1/22/2009,1168.08,-0.01502
1/23/2009,1175.89,0.00666
1/26/2009,1184.56,0.00735
1/27/2009,1194.41,0.00828
1/28/2009,1235.91,0.03416
1/29/2009,1203.85,-0.02628
1/30/2009,1180.25,-0.01980
2/2/2009,1195.75,0.01305
2/3/2009,1215.66,0.01651
2/4/2009,1215.43,-0.00019
2/5/2009,1245.11,0.02413
2/6/2009,1277.49,0.02567
2/9/2009,1281.65,0.00325
2/10/2009,1229.29,-0.04171
2/11/2009,1227.05,-0.00182
2/12/2009,1242.81,0.01276
2/13/2009,1236.85,-0.00481
2/17/2009,1187.04,-0.04111
2/18/2009,1188.77,0.00146
2/19/2009,1167.89,-0.01772
2/20/2009,1172.71,0.00412
2/23/2009,1128.97,-0.03801
2/24/2009,1171.45,0.03694
2/25/2009,1160.83,-0.00911
2/26/2009,1127.1,-0.02949
2/27/2009,1116.99,-0.00901
3/2/2009,1076.67,-0.03676
3/3/2009,1080.67,0.00371
3/4/2009,1110.3,0.02705
3/5/2009,1074.52,-0.03276
3/6/2009,1064.7,-0.00918
3/9/2009,1043.87,-0.01976
3/10/2009,1112.44,0.06362
3/11/2009,1125.95,0.01207
3/12/2009,1164.71,0.03385
3/13/2009,1168.52,0.00327
3/16/2009,1145.45,-0.01994
3/17/2009,1192.17,0.03998
3/18/2009,1206.96,0.01233
3/19/2009,1204.21,-0.00228
3/20/2009,1187.18,-0.01424
3/23/2009,1259.81,0.05938
3/24/2009,1234.34,-0.02042
3/25/2009,1236.66,0.00188
3/26/2009,1281.3,0.03546
3/27/2009,1251.47,-0.02356
3/30/2009,1220.81,-0.02480
3/31/2009,1237.01,0.01318
4/1/2009,1252.51,0.01245
4/2/2009,1294.3,0.03282
4/3/2009,1316.16,0.01675
4/6/2009,1313.1,-0.00233
4/7/2009,1275.42,-0.02912
4/8/2009,1300.75,0.01967
4/9/2009,1340.28,0.02994
4/13/2009,1336.67,-0.00270
4/14/2009,1322.31,-0.01080
4/15/2009,1316.51,-0.00440
4/16/2009,1352.98,0.02733
4/17/2009,1353.92,0.00069
4/20/2009,1309.37,-0.03346
4/21/2009,1329.06,0.01493
4/22/2009,1335.72,0.00500
4/23/2009,1344.41,0.00648
4/24/2009,1373.28,0.02125
4/27/2009,1369.94,-0.00244
4/28/2009,1361.92,-0.00587
4/29/2009,1382.38,0.01491
4/30/2009,1394.33,0.00861
5/1/2009,1396.62,0.00164
5/4/2009,1427.96,0.02219
5/5/2009,1423.81,-0.00291
5/6/2009,1423.85,0.00003
5/7/2009,1389.83,-0.02418
5/8/2009,1394.16,0.00311
5/11/2009,1395.79,0.00117
5/12/2009,1377.4,-0.01326
5/13/2009,1339.83,-0.02765
5/14/2009,1359.67,0.01470
5/15/2009,1355.11,-0.00336
5/18/2009,1392.73,0.02738
5/19/2009,1398.05,0.00381
5/20/2009,1393.72,-0.00310
5/21/2009,1367.39,-0.01907
5/22/2009,1363.17,-0.00309
5/26/2009,1412.61,0.03563
5/27/2009,1401.88,-0.00762
5/28/2009,1420.31,0.01306
5/29/2009,1435.57,0.01069
6/1/2009,1477.12,0.02853
6/2/2009,1480.31,0.00216
6/3/2009,1475.44,-0.00330
6/4/2009,1492.74,0.01166
6/5/2009,1493.21,0.00031
6/8/2009,1488.49,-0.00317
6/9/2009,1501.55,0.00874
6/10/2009,1495.27,-0.00419
6/11/2009,1497.01,0.00116
6/12/2009,1489.97,-0.00471
6/15/2009,1456.96,-0.02240
6/16/2009,1443.25,-0.00945
6/17/2009,1455.89,0.00872
6/18/2009,1453.8,-0.00144
6/19/2009,1471.23,0.01192
6/22/2009,1426.61,-0.03080
6/23/2009,1424.46,-0.00151
6/24/2009,1447.06,0.01574
6/25/2009,1475.82,0.01968
6/26/2009,1480.2,0.00296
6/29/2009,1483.83,0.00245
6/30/2009,1477.25,-0.00444
7/1/2009,1481.34,0.00276
7/2/2009,1446.28,-0.02395
7/6/2009,1441.01,-0.00365
7/7/2009,1404.78,-0.02546
7/8/2009,1411.53,0.00479
7/9/2009,1414.98,0.00244
7/10/2009,1419.84,0.00343
7/13/2009,1447.7,0.01943
7/14/2009,1452.84,0.00354
7/15/2009,1500.98,0.03260
7/16/2009,1518.87,0.01185
7/17/2009,1527.26,0.00551
7/20/2009,1544,0.01090
7/21/2009,1553.01,0.00582
7/22/2009,1565,0.00769
7/23/2009,1601.52,0.02307
7/24/2009,1599.06,-0.00154
7/27/2009,1599.31,0.00016
7/28/2009,1605.47,0.00384
7/29/2009,1599.61,-0.00366
7/30/2009,1609.87,0.00639
7/31/2009,1603.36,-0.00405
8/3/2009,1628.12,0.01532
8/4/2009,1628.49,0.00023
8/5/2009,1614.44,-0.00867
8/6/2009,1600.29,-0.00880
8/7/2009,1619.49,0.01193
8/10/2009,1610.43,-0.00561
8/11/2009,1594.69,-0.00982
8/12/2009,1619.59,0.01549
8/13/2009,1628.65,0.00558
8/14/2009,1611.58,-0.01054
8/17/2009,1564.89,-0.02940
8/18/2009,1586.5,0.01371
8/19/2009,1596.61,0.00635
8/20/2009,1614.22,0.01097
8/21/2009,1637.78,0.01449
8/24/2009,1634.78,-0.00183
8/25/2009,1639.9,0.00313
8/26/2009,1637,-0.00177
8/27/2009,1640.97,0.00242
8/28/2009,1643.24,0.00138
8/31/2009,1625.19,-0.01105
9/1/2009,1595.84,-0.01822
9/2/2009,1594.28,-0.00098
9/3/2009,1605.98,0.00731
9/4/2009,1638.07,0.01978
9/8/2009,1654.81,0.01017
9/9/2009,1669.23,0.00868
9/10/2009,1686.16,0.01009
9/11/2009,1685.46,-0.00042
9/14/2009,1693.76,0.00491
9/15/2009,1699.53,0.00340
9/16/2009,1723.73,0.01414
9/17/2009,1721.09,-0.00153
9/18/2009,1725.24,0.00241
9/21/2009,1731.58,0.00367
9/22/2009,1734.09,0.00145
9/23/2009,1724.27,-0.00568
9/24/2009,1709.76,-0.00845
9/25/2009,1694.15,-0.00917
9/28/2009,1724.59,0.01781
9/29/2009,1717.67,-0.00402
9/30/2009,1718.99,0.00077
10/1/2009,1666.41,-0.03107
10/2/2009,1662.49,-0.00236
10/5/2009,1675.64,0.00788
10/6/2009,1705.25,0.01752
10/7/2009,1710.45,0.00304
10/8/2009,1717.79,0.00428
10/9/2009,1727.76,0.00579
10/12/2009,1729.63,0.00108
10/13/2009,1730.27,0.00037
10/14/2009,1754.26,0.01377
10/15/2009,1753.36,-0.00051
10/16/2009,1739.32,-0.00804
10/19/2009,1756.68,0.00993
10/20/2009,1756.19,-0.00028
10/21/2009,1753.56,-0.00150
10/22/2009,1763.15,0.00545
10/23/2009,1753.63,-0.00541
10/26/2009,1746.75,-0.00393
10/27/2009,1722.46,-0.01400
10/28/2009,1682.06,-0.02373
10/29/2009,1711.27,0.01722
10/30/2009,1667.13,-0.02613
11/2/2009,1672.91,0.00346
11/3/2009,1679.2,0.00375
11/4/2009,1680.67,0.00088
11/5/2009,1721.09,0.02377
11/6/2009,1730.76,0.00560
11/9/2009,1768.4,0.02151
11/10/2009,1773.17,0.00269
11/11/2009,1782.95,0.00550
11/12/2009,1773.14,-0.00552
11/13/2009,1788.61,0.00869
11/16/2009,1807.56,0.01054
11/17/2009,1812.21,0.00257
11/18/2009,1801.74,-0.00579
11/19/2009,1773.19,-0.01597
11/20/2009,1764.39,-0.00498
11/23/2009,1792.94,0.01605
11/24/2009,1786.25,-0.00374
11/25/2009,1793.67,0.00415
11/27/2009,1765.46,-0.01585
11/30/2009,1767.43,0.00112
12/1/2009,1787.71,0.01141
12/2/2009,1790.82,0.00174
12/3/2009,1782.91,-0.00443
12/4/2009,1791.91,0.00504
12/7/2009,1783.65,-0.00462
12/8/2009,1772.73,-0.00614
12/9/2009,1789.7,0.00953
12/10/2009,1799.37,0.00539
12/11/2009,1792.06,-0.00407
12/14/2009,1809.09,0.00946
12/15/2009,1798.21,-0.00603
12/16/2009,1800.82,0.00145
12/17/2009,1778.27,-0.01260
12/18/2009,1807.36,0.01623
12/21/2009,1828.79,0.01179
12/22/2009,1839.51,0.00584
12/23/2009,1851.99,0.00676
12/24/2009,1869.84,0.00959
12/28/2009,1878.18,0.00445
12/29/2009,1872.02,-0.00329
12/30/2009,1878.65,0.00354
12/31/2009,1860.31,-0.00981
1/4/2010,1886.7,0.01409
1/5/2010,1888.43,0.00092
1/6/2010,1878.42,-0.00531
1/7/2010,1876.72,-0.00091
1/8/2010,1892.59,0.00842
1/11/2010,1886.24,-0.00336
1/12/2010,1861.79,-0.01305
1/13/2010,1886.13,0.01299
1/14/2010,1886.52,0.00021
1/15/2010,1864.52,-0.01173
1/19/2010,1895.48,0.01647
1/20/2010,1867.95,-0.01463
1/21/2010,1850.57,-0.00935
1/22/2010,1794.82,-0.03059
1/25/2010,1802.39,0.00421
1/26/2010,1803.86,0.00082
1/27/2010,1818.9,0.00830
1/28/2010,1771.1,-0.02663
1/29/2010,1741.04,-0.01712
2/1/2010,1760.72,0.01124
2/2/2010,1776.92,0.00916
2/3/2010,1784.7,0.00437
2/4/2010,1732.99,-0.02940
2/5/2010,1746.12,0.00755
2/8/2010,1734.88,-0.00646
2/9/2010,1753.84,0.01087
2/10/2010,1749.76,-0.00233
2/11/2010,1775.74,0.01474
2/12/2010,1779.11,0.00190
2/16/2010,1802.06,0.01282
2/17/2010,1810.86,0.00487
2/18/2010,1823.39,0.00690
2/19/2010,1823.32,-0.00004
2/22/2010,1817.63,-0.00313
2/23/2010,1793.82,-0.01319
2/24/2010,1812.51,0.01037
2/25/2010,1812.91,0.00022
2/26/2010,1818.68,0.00318
3/1/2010,1846.4,0.01513
3/2/2010,1851.21,0.00260
3/3/2010,1851.57,0.00019
3/4/2010,1859.72,0.00439
3/5/2010,1888.56,0.01539
3/8/2010,1890.89,0.00123
3/9/2010,1901.38,0.00553
3/10/2010,1917.35,0.00836
3/11/2010,1923.81,0.00336
3/12/2010,1924.43,0.00032
3/15/2010,1920.09,-0.00226
3/16/2010,1932.24,0.00631
3/17/2010,1936.22,0.00206
3/18/2010,1943.94,0.00398
3/19/2010,1932.43,-0.00594
3/22/2010,1949.59,0.00884
3/23/2010,1963.2,0.00696
3/24/2010,1951.84,-0.00580
3/25/2010,1949.15,-0.00138
3/26/2010,1952.63,0.00178
3/29/2010,1961.22,0.00439
3/30/2010,1967.96,0.00343
3/31/2010,1958.34,-0.00490
4/1/2010,1959.56,0.00062
4/5/2010,1977.83,0.00928
4/6/2010,1981.95,0.00208
4/7/2010,1977.3,-0.00235
4/8/2010,1980.73,0.00173
4/9/2010,1994.43,0.00689
4/12/2010,1995.65,0.00061
4/13/2010,2003.81,0.00408
4/14/2010,2028.82,0.01240
4/15/2010,2038.64,0.00483
4/16/2010,2012.84,-0.01274
4/19/2010,2013.53,0.00034
4/20/2010,2023.6,0.00499
4/21/2010,2034.53,0.00539
4/22/2010,2045.16,0.00521
4/23/2010,2055.33,0.00496
4/26/2010,2049.09,-0.00304
4/27/2010,2006.25,-0.02113
4/28/2010,2007.59,0.00067
4/29/2010,2042.89,0.01743
4/30/2010,2000.63,-0.02090
5/3/2010,2031.6,0.01536
5/4/2010,1968.97,-0.03131
5/5/2010,1958.26,-0.00545
5/6/2010,1893.75,-0.03350
5/7/2010,1849.44,-0.02368
5/10/2010,1942.61,0.04915
5/11/2010,1940.48,-0.00110
5/12/2010,1975.58,0.01793
5/13/2010,1945.52,-0.01533
5/14/2010,1907.1,-0.01995
5/17/2010,1915.45,0.00437
5/18/2010,1887.06,-0.01493
5/19/2010,1873.42,-0.00725
5/20/2010,1800.12,-0.03991
5/21/2010,1822.77,0.01250
5/24/2010,1815.28,-0.00412
5/25/2010,1815.68,0.00022
5/26/2010,1796.47,-0.01064
5/27/2010,1862.71,0.03621
5/28/2010,1852.39,-0.00556
6/1/2010,1835.04,-0.00941
6/2/2010,1879.59,0.02399
6/3/2010,1895.66,0.00851
6/4/2010,1832.04,-0.03414
6/7/2010,1798.16,-0.01867
6/8/2010,1795.7,-0.00137
6/9/2010,1778.92,-0.00939
6/10/2010,1830.09,0.02836
6/11/2010,1847.15,0.00928
6/14/2010,1845.48,-0.00090
6/15/2010,1897.48,0.02779
6/16/2010,1905.31,0.00412
6/17/2010,1910.65,0.00280
6/18/2010,1913.48,0.00148
6/21/2010,1895.84,-0.00926
6/22/2010,1880.54,-0.00810
6/23/2010,1874.42,-0.00326
6/24/2010,1844.59,-0.01604
6/25/2010,1838.52,-0.00330
6/28/2010,1836,-0.00137
6/29/2010,1764.06,-0.03997
6/30/2010,1739.14,-0.01423
7/1/2010,1734.41,-0.00272
7/2/2010,1728.34,-0.00351
7/6/2010,1734.68,0.00366
7/7/2010,1789.72,0.03124
7/8/2010,1798.31,0.00479
7/9/2010,1814.79,0.00912
7/12/2010,1821.03,0.00343
7/13/2010,1845.03,0.01309
7/14/2010,1853.41,0.00453
7/15/2010,1856.24,0.00153
7/16/2010,1803.48,-0.02883
7/19/2010,1819.28,0.00872
7/20/2010,1840.67,0.01169
7/21/2010,1817.3,-0.01278
7/22/2010,1863.1,0.02489
7/23/2010,1875.38,0.00657
7/26/2010,1890.4,0.00798
7/27/2010,1888.81,-0.00084
7/28/2010,1872.62,-0.00861
7/29/2010,1860.3,-0.00660
7/30/2010,1864,0.00199
8/2/2010,1898.99,0.01860
8/3/2010,1891.81,-0.00379
8/4/2010,1909.2,0.00915
8/5/2010,1904.95,-0.00223
8/6/2010,1902.88,-0.00109
8/9/2010,1915.17,0.00644
8/10/2010,1899.24,-0.00835
8/11/2010,1845.38,-0.02877
8/12/2010,1832.17,-0.00718
8/13/2010,1818.8,-0.00732
8/16/2010,1821.51,0.00149
8/17/2010,1845.37,0.01301
8/18/2010,1850.8,0.00294
8/19/2010,1823,-0.01513
8/20/2010,1825.75,0.00151
8/23/2010,1808.31,-0.00960
8/24/2010,1775.27,-0.01844
8/25/2010,1790.88,0.00875
8/26/2010,1769.02,-0.01228
8/27/2010,1791.64,0.01271
8/30/2010,1772.07,-0.01098
8/31/2010,1767.43,-0.00262
9/1/2010,1820.05,0.02934
9/2/2010,1840.58,0.01122
9/3/2010,1870.31,0.01602
9/7/2010,1856.5,-0.00741
9/8/2010,1880,0.01258
9/9/2010,1886.14,0.00326
9/10/2010,1892.34,0.00328
9/13/2010,1921.67,0.01538
9/14/2010,1928.59,0.00359
9/15/2010,1939.6,0.00569
9/16/2010,1948.11,0.00438
9/17/2010,1955.83,0.00395
9/20/2010,1989.43,0.01703
9/21/2010,1989.11,-0.00016
9/22/2010,1982.76,-0.00320
9/23/2010,1982.15,-0.00031
9/24/2010,2023.84,0.02081
9/27/2010,2010.99,-0.00637
9/28/2010,2012.43,0.00072
9/29/2010,2009.08,-0.00167
9/30/2010,1998.04,-0.00551
10/1/2010,1996.6,-0.00072
10/4/2010,1975.33,-0.01071
10/5/2010,2024.63,0.02465
10/6/2010,2006.52,-0.00899
10/7/2010,2011.63,0.00254
10/8/2010,2027.03,0.00763
10/11/2010,2026.98,-0.00002
10/12/2010,2041.55,0.00716
10/13/2010,2057.25,0.00766
10/14/2010,2054.51,-0.00133
10/15/2010,2097.73,0.02082
10/18/2010,2104.15,0.00306
10/19/2010,2069.73,-0.01649
10/20/2010,2085.75,0.00771
10/21/2010,2090.1,0.00208
10/22/2010,2104.21,0.00673
10/25/2010,2113.55,0.00443
10/26/2010,2119.05,0.00260
10/27/2010,2125.88,0.00322
10/28/2010,2129.73,0.00181
10/29/2010,2124.45,-0.00248
11/1/2010,2128.42,0.00187
11/2/2010,2151.72,0.01089
11/3/2010,2158.36,0.00308
11/4/2010,2187.8,0.01355
11/5/2010,2186.71,-0.00050
11/8/2010,2188.94,0.00102
11/9/2010,2176.88,-0.00552
11/10/2010,2187.74,0.00498
11/11/2010,2173.11,-0.00671
11/12/2010,2137.95,-0.01631
11/15/2010,2131.48,-0.00303
11/16/2010,2093.63,-0.01792
11/17/2010,2100,0.00304
11/18/2010,2134.77,0.01642
11/19/2010,2135.27,0.00023
11/22/2010,2150.86,0.00727
11/23/2010,2116.61,-0.01605
11/24/2010,2160.52,0.02053
11/26/2010,2153.91,-0.00306
11/29/2010,2144.56,-0.00435
11/30/2010,2117.33,-0.01278
12/1/2010,2162.83,0.02126
12/2/2010,2185.3,0.01034
12/3/2010,2191.17,0.00268
12/6/2010,2189.81,-0.00062
12/7/2010,2189.35,-0.00021
12/8/2010,2200.6,0.00513
12/9/2010,2201.57,0.00044
12/10/2010,2215.34,0.00624
12/13/2010,2207.45,-0.00357
12/14/2010,2212.59,0.00233
12/15/2010,2202.45,-0.00459
12/16/2010,2218.02,0.00704
12/17/2010,2218.29,0.00012
12/20/2010,2223.04,0.00214
12/21/2010,2234.57,0.00517
12/22/2010,2235.91,0.00060
12/23/2010,2230.27,-0.00253
12/27/2010,2229.86,-0.00018
12/28/2010,2227.42,-0.00109
12/29/2010,2231.64,0.00189
12/30/2010,2225.72,-0.00266
12/31/2010,2217.86,-0.00354
1/3/2011,2254.23,0.01627
1/4/2011,2251.46,-0.00123
1/5/2011,2270.4,0.00838
1/6/2011,2277.51,0.00313
1/7/2011,2276.7,-0.00036
1/10/2011,2284.38,0.00337
1/11/2011,2288.73,0.00190
1/12/2011,2304.88,0.00703
1/13/2011,2305.53,0.00028
1/14/2011,2323.43,0.00773
1/18/2011,2328.79,0.00230
1/19/2011,2303.32,-0.01100
1/20/2011,2286.08,-0.00751
1/21/2011,2268.32,-0.00780
1/24/2011,2300.39,0.01404
1/25/2011,2304.03,0.00158
1/26/2011,2314.19,0.00440
1/27/2011,2330.07,0.00684
1/28/2011,2270.51,-0.02589
1/31/2011,2281.91,0.00501
2/1/2011,2324.95,0.01869
2/2/2011,2321.09,-0.00166
2/3/2011,2323.07,0.00085
2/4/2011,2338.2,0.00649
2/7/2011,2349.2,0.00469
2/8/2011,2363.61,0.00612
2/9/2011,2360.95,-0.00113
2/10/2011,2364.35,0.00144
2/11/2011,2379.15,0.00624
2/14/2011,2385.6,0.00271
2/15/2011,2381.92,-0.00154
2/16/2011,2397.94,0.00670
2/17/2011,2397.57,-0.00015
2/18/2011,2392.47,-0.00213
2/22/2011,2322.86,-0.02953
2/23/2011,2300.94,-0.00948
2/24/2011,2313.31,0.00536
2/25/2011,2346.29,0.01416
2/28/2011,2350.99,0.00200
3/1/2011,2315.26,-0.01531
3/2/2011,2326.77,0.00496
3/3/2011,2371.76,0.01915
3/4/2011,2359.96,-0.00499
3/7/2011,2328.07,-0.01361
3/8/2011,2337.55,0.00406
3/9/2011,2322.69,-0.00638
3/10/2011,2284.29,-0.01667
3/11/2011,2299.26,0.00653
3/14/2011,2290.72,-0.00372
3/15/2011,2259.62,-0.01367
3/16/2011,2202.97,-0.02539
3/17/2011,2225.24,0.01006
3/18/2011,2221.07,-0.00188
3/21/2011,2262.7,0.01857
3/22/2011,2257.96,-0.00210
3/23/2011,2270.5,0.00554
3/24/2011,2312.09,0.01815
3/25/2011,2316.36,0.00185
3/28/2011,2303.1,-0.00574
3/29/2011,2325.54,0.00970
3/30/2011,2336.52,0.00471
3/31/2011,2338.99,0.00106
4/1/2011,2342.92,0.00168
4/4/2011,2334.54,-0.00358
4/5/2011,2327.87,-0.00286
4/6/2011,2332.34,0.00192
4/7/2011,2332.88,0.00023
4/8/2011,2321.18,-0.00503
4/11/2011,2314.5,-0.00288
4/12/2011,2298.3,-0.00702
4/13/2011,2316.63,0.00794
4/14/2011,2311.25,-0.00233
4/15/2011,2307.58,-0.00159
4/18/2011,2292.34,-0.00663
4/19/2011,2306.77,0.00628
4/20/2011,2357.76,0.02186
4/21/2011,2377.3,0.00825
4/25/2011,2383.72,0.00270
4/26/2011,2396.03,0.00515
4/27/2011,2413.59,0.00730
4/28/2011,2409.9,-0.00153
4/29/2011,2404.08,-0.00242
5/2/2011,2404.24,0.00007
5/3/2011,2392.8,-0.00477
5/4/2011,2387.51,-0.00221
5/5/2011,2375.21,-0.00517
5/6/2011,2383.18,0.00335
5/9/2011,2390.97,0.00326
5/10/2011,2411.35,0.00849
5/11/2011,2393.08,-0.00761
5/12/2011,2407.89,0.00617
5/13/2011,2379.24,-0.01197
5/16/2011,2337.85,-0.01755
5/17/2011,2343.51,0.00242
5/18/2011,2362.95,0.00826
5/19/2011,2369.67,0.00284
5/20/2011,2351.43,-0.00773
5/23/2011,2316.78,-0.01485
5/24/2011,2303.55,-0.00573
5/25/2011,2310.95,0.00321
5/26/2011,2325.93,0.00646
5/27/2011,2336.09,0.00436
5/31/2011,2372.54,0.01548
6/1/2011,2322.48,-0.02133
6/2/2011,2326.7,0.00182
6/3/2011,2292.31,-0.01489
6/6/2011,2274.48,-0.00781
6/7/2011,2268.96,-0.00243
6/8/2011,2252.89,-0.00711
6/9/2011,2256.65,0.00167
6/10/2011,2221.09,-0.01588
6/13/2011,2222.28,0.00054
6/14/2011,2250.34,0.01255
6/15/2011,2209.01,-0.01854
6/16/2011,2199.93,-0.00412
6/17/2011,2192.96,-0.00317
6/20/2011,2204.36,0.00518
6/21/2011,2251.82,0.02130
6/22/2011,2235.75,-0.00716
6/23/2011,2255.05,0.00860
6/24/2011,2217.06,-0.01699
6/27/2011,2252.24,0.01574
6/28/2011,2285.75,0.01477
6/29/2011,2294.43,0.00379
6/30/2011,2325.07,0.01327
7/1/2011,2361.39,0.01550
7/5/2011,2371.21,0.00415
7/6/2011,2378.58,0.00310
7/7/2011,2412.89,0.01432
7/8/2011,2405.89,-0.00291
7/11/2011,2362,-0.01841
7/12/2011,2343.79,-0.00774
7/13/2011,2352.43,0.00368
7/14/2011,2325.06,-0.01170
7/15/2011,2356.67,0.01350
7/18/2011,2344.01,-0.00539
7/19/2011,2398.17,0.02284
7/20/2011,2387.8,-0.00433
7/21/2011,2404.24,0.00686
7/22/2011,2429.5,0.01045
7/25/2011,2424.15,-0.00220
7/26/2011,2429.45,0.00218
7/27/2011,2367.16,-0.02597
7/28/2011,2371.77,0.00195
7/29/2011,2362.81,-0.00378
8/1/2011,2354.05,-0.00371
8/2/2011,2292.85,-0.02634
8/3/2011,2312.78,0.00865
8/4/2011,2207.2,-0.04673
8/5/2011,2194.38,-0.00583
8/8/2011,2060.29,-0.06305
8/9/2011,2160.79,0.04763
8/10/2011,2073.09,-0.04143
8/11/2011,2167.07,0.04434
8/12/2011,2182.05,0.00689
8/15/2011,2214.12,0.01459
8/16/2011,2194.27,-0.00901
8/17/2011,2181.62,-0.00578
8/18/2011,2073.03,-0.05106
8/19/2011,2038.22,-0.01693
8/22/2011,2044.73,0.00319
8/23/2011,2129.27,0.04051
8/24/2011,2145.04,0.00738
8/25/2011,2108.21,-0.01732
8/26/2011,2161.97,0.02518
8/29/2011,2223.96,0.02827
8/30/2011,2237.69,0.00615
8/31/2011,2241.01,0.00148
9/1/2011,2219.05,-0.00985
9/2/2011,2167.83,-0.02335
9/6/2011,2167.6,-0.00011
9/7/2011,2223.75,0.02557
9/8/2011,2214.29,-0.00426
9/9/2011,2163.66,-0.02313
9/12/2011,2191.84,0.01294
9/13/2011,2220.58,0.01303
9/14/2011,2252.75,0.01438
9/15/2011,2286.56,0.01490
9/16/2011,2306.09,0.00850
9/19/2011,2308.76,0.00116
9/20/2011,2295.89,-0.00559
9/21/2011,2258.3,-0.01651
9/22/2011,2184.59,-0.03318
9/23/2011,2206.86,0.01014
9/26/2011,2234.28,0.01235
9/27/2011,2253.55,0.00859
9/28/2011,2220.84,-0.01462
9/29/2011,2197.68,-0.01048
9/30/2011,2139.18,-0.02698
10/3/2011,2085.04,-0.02563
10/4/2011,2129.21,0.02096
10/5/2011,2182.77,0.02484
10/6/2011,2217.99,0.01601
10/7/2011,2202.76,-0.00689
10/10/2011,2278.65,0.03387
10/11/2011,2294.92,0.00711
10/12/2011,2307.18,0.00533
10/13/2011,2326.88,0.00850
10/14/2011,2371.94,0.01918
10/17/2011,2334.38,-0.01596
10/18/2011,2364.87,0.01298
10/19/2011,2316.81,-0.02053
10/20/2011,2306.29,-0.00455
10/21/2011,2335.93,0.01277
10/24/2011,2384.42,0.02055
10/25/2011,2335.87,-0.02057
10/26/2011,2334.79,-0.00046
10/27/2011,2399.83,0.02748
10/28/2011,2401.29,0.00061
10/31/2011,2360.08,-0.01731
11/1/2011,2298.37,-0.02650
11/2/2011,2318.32,0.00864
11/3/2011,2367.71,0.02108
11/4/2011,2356.32,-0.00482
11/7/2011,2371.04,0.00623
11/8/2011,2400.01,0.01214
11/9/2011,2314.1,-0.03645
11/10/2011,2312.07,-0.00088
11/11/2011,2355.78,0.01873
11/14/2011,2341.32,-0.00616
11/15/2011,2366.24,0.01059
11/16/2011,2324.37,-0.01785
11/17/2011,2272.09,-0.02275
11/18/2011,2253.95,-0.00802
11/21/2011,2211.14,-0.01918
11/22/2011,2216.33,0.00234
11/23/2011,2166.54,-0.02272
11/25/2011,2150.88,-0.00725
11/28/2011,2224.22,0.03353
11/29/2011,2211.39,-0.00579
11/30/2011,2295.2,0.03720
12/1/2011,2309.2,0.00608
12/2/2011,2302.04,-0.00311
12/5/2011,2326.95,0.01076
12/6/2011,2321.49,-0.00235
12/7/2011,2320.54,-0.00041
12/8/2011,2282.59,-0.01649
12/9/2011,2318.68,0.01569
12/12/2011,2292.24,-0.01147
12/13/2011,2268.37,-0.01047
12/14/2011,2233.03,-0.01570
12/15/2011,2226.71,-0.00283
12/16/2011,2238.18,0.00514
12/19/2011,2215.27,-0.01029
12/20/2011,2281.94,0.02965
12/21/2011,2249.03,-0.01453
12/22/2011,2266.77,0.00786
12/23/2011,2287.57,0.00913
12/27/2011,2293.12,0.00242
12/28/2011,2267.08,-0.01142
12/29/2011,2285.07,0.00790
12/30/2011,2277.83,-0.00317
1/3/2012,2321.96,0.01919
1/4/2012,2329.71,0.00333
1/5/2012,2348.98,0.00824
1/6/2012,2356.17,0.00306
1/9/2012,2350.65,-0.00235
1/10/2012,2367.38,0.00709
1/11/2012,2372.25,0.00206
1/12/2012,2381.99,0.00410
1/13/2012,2371.98,-0.00421
1/17/2012,2393.24,0.00892
1/18/2012,2425.96,0.01358
1/19/2012,2441.7,0.00647
1/20/2012,2437.02,-0.00192
1/23/2012,2437.22,0.00008
1/24/2012,2433.96,-0.00134
1/25/2012,2465.66,0.01294
1/26/2012,2454.63,-0.00448
1/27/2012,2461.77,0.00290
1/30/2012,2465.32,0.00144
1/31/2012,2467.95,0.00107
2/1/2012,2488.18,0.00816
2/2/2012,2495.83,0.00307
2/3/2012,2529.17,0.01327
2/6/2012,2528.3,-0.00034
2/7/2012,2532.06,0.00149
2/8/2012,2545.72,0.00538
2/9/2012,2563.93,0.00713
2/10/2012,2547.32,-0.00650
2/13/2012,2569.49,0.00867
2/14/2012,2575.24,0.00224
2/15/2012,2556.01,-0.00750
2/16/2012,2592.29,0.01409
2/17/2012,2584.24,-0.00311
2/21/2012,2590.24,0.00232
2/22/2012,2579.78,-0.00405
2/23/2012,2594.93,0.00586
2/24/2012,2604.21,0.00357
2/27/2012,2606.76,0.00098
2/28/2012,2633.46,0.01019
2/29/2012,2623.1,-0.00394
3/1/2012,2643.54,0.00776
3/2/2012,2641.58,-0.00074
3/5/2012,2614.92,-0.01014
3/6/2012,2588.95,-0.00998
3/7/2012,2607.85,0.00727
3/8/2012,2637.18,0.01118
3/9/2012,2646.85,0.00366
3/12/2012,2646.85,0.00000
3/13/2012,2697.43,0.01893
3/14/2012,2708.41,0.00406
3/15/2012,2714.79,0.00235
3/16/2012,2712.78,-0.00074
3/19/2012,2733.26,0.00752
3/20/2012,2737.63,0.00160
3/21/2012,2736.88,-0.00027
3/22/2012,2731.5,-0.00197
3/23/2012,2728.55,-0.00108
3/26/2012,2778.02,0.01797
3/27/2012,2782.12,0.00147
3/28/2012,2770.97,-0.00402
3/29/2012,2762.05,-0.00322
3/30/2012,2755.27,-0.00246
4/2/2012,2784.42,0.01052
4/3/2012,2782.78,-0.00059
4/4/2012,2745,-0.01367
4/5/2012,2762.5,0.00635
4/9/2012,2739.98,-0.00819
4/10/2012,2695.12,-0.01651
4/11/2012,2708.13,0.00482
4/12/2012,2740.26,0.01179
4/13/2012,2698.99,-0.01518
4/16/2012,2670.1,-0.01076
4/17/2012,2723.58,0.01983
4/18/2012,2716.14,-0.00274
4/19/2012,2686.82,-0.01085
4/20/2012,2676.04,-0.00402
4/23/2012,2653.5,-0.00846
4/24/2012,2638.73,-0.00558
4/25/2012,2709.62,0.02651
4/26/2012,2725.23,0.00574
4/27/2012,2741.34,0.00589
4/30/2012,2723.68,-0.00646
5/1/2012,2726.92,0.00119
5/2/2012,2734.77,0.00287
5/3/2012,2704.59,-0.01110
5/4/2012,2637.92,-0.02496
5/7/2012,2639.28,0.00052
5/8/2012,2629.87,-0.00357
5/9/2012,2621.35,-0.00324
5/10/2012,2616.24,-0.00195
5/11/2012,2615.98,-0.00010
5/14/2012,2590.28,-0.00987
5/15/2012,2580.75,-0.00369
5/16/2012,2561.56,-0.00746
5/17/2012,2509.05,-0.02071
5/18/2012,2478.53,-0.01224
5/21/2012,2545.43,0.02663
5/22/2012,2539.2,-0.00245
5/23/2012,2547.08,0.00310
5/24/2012,2531.35,-0.00619
5/25/2012,2527.05,-0.00170
5/29/2012,2558.97,0.01255
5/30/2012,2537.4,-0.00846
5/31/2012,2524.87,-0.00495
6/1/2012,2458.83,-0.02650
6/4/2012,2478.13,0.00782
6/5/2012,2487.5,0.00377
6/6/2012,2546.32,0.02337
6/7/2012,2535.41,-0.00429
6/8/2012,2559.21,0.00934
6/11/2012,2517.18,-0.01656
6/12/2012,2546.2,0.01146
6/13/2012,2527.44,-0.00740
6/14/2012,2539.97,0.00495
6/15/2012,2571.23,0.01223
6/18/2012,2592.52,0.00825
6/19/2012,2620.83,0.01086
6/20/2012,2623.33,0.00095
6/21/2012,2556.96,-0.02563
6/22/2012,2585.53,0.01111
6/25/2012,2533.54,-0.02031
6/26/2012,2549.84,0.00641
6/27/2012,2565.53,0.00613
6/28/2012,2536.65,-0.01132
6/29/2012,2615.72,0.03070
7/2/2012,2625.03,0.00355
7/3/2012,2645.84,0.00790
7/5/2012,2647.47,0.00062
7/6/2012,2612.29,-0.01338
7/9/2012,2610.31,-0.00076
7/10/2012,2585.52,-0.00954
7/11/2012,2570.99,-0.00564
7/12/2012,2545.3,-0.01004
7/13/2012,2584.97,0.01547
7/16/2012,2577.05,-0.00307
7/17/2012,2591.65,0.00565
7/18/2012,2625.87,0.01312
7/19/2012,2655.81,0.01134
7/20/2012,2618.04,-0.01432
7/23/2012,2589.93,-0.01080
7/24/2012,2567.46,-0.00871
7/25/2012,2549.2,-0.00714
7/26/2012,2584.85,0.01389
7/27/2012,2647.03,0.02377
7/30/2012,2642.12,-0.00186
7/31/2012,2642.53,0.00016
8/1/2012,2635.13,-0.00280
8/2/2012,2625.52,-0.00365
8/3/2012,2676,0.01904
8/6/2012,2694.09,0.00674
8/7/2012,2717.16,0.00853
8/8/2012,2714.02,-0.00116
8/9/2012,2719.61,0.00206
8/10/2012,2722.96,0.00123
8/13/2012,2728.68,0.00210
8/14/2012,2727.79,-0.00033
8/15/2012,2735.47,0.00281
8/16/2012,2768.09,0.01185
8/17/2012,2780.3,0.00440
8/20/2012,2784.33,0.00145
8/21/2012,2772.2,-0.00437
8/22/2012,2783.42,0.00404
8/23/2012,2762.02,-0.00772
8/24/2012,2778.05,0.00579
8/27/2012,2782.55,0.00162
8/28/2012,2782.69,0.00005
8/29/2012,2784,0.00047
8/30/2012,2753.74,-0.01093
8/31/2012,2772.24,0.00670
9/4/2012,2772.03,-0.00008
9/5/2012,2766.95,-0.00183
9/6/2012,2829.71,0.02243
9/7/2012,2825.11,-0.00163
9/10/2012,2788.35,-0.01310
9/11/2012,2784.89,-0.00124
9/12/2012,2791.68,0.00244
9/13/2012,2831.35,0.01411
9/14/2012,2855.23,0.00840
9/17/2012,2856.44,0.00042
9/18/2012,2857.38,0.00033
9/19/2012,2864.03,0.00232
9/20/2012,2861.7,-0.00081
9/21/2012,2861.64,-0.00002
9/24/2012,2843.98,-0.00619
9/25/2012,2804.53,-0.01397
9/26/2012,2781.63,-0.00820
9/27/2012,2821.6,0.01427
9/28/2012,2799.19,-0.00797
10/1/2012,2794.28,-0.00176
10/2/2012,2799.29,0.00179
10/3/2012,2818.84,0.00696
10/4/2012,2828.6,0.00346
10/5/2012,2811.94,-0.00591
10/8/2012,2786.92,-0.00894
10/9/2012,2741.92,-0.01628
10/10/2012,2728.54,-0.00489
10/11/2012,2719.21,-0.00343
10/12/2012,2720.14,0.00034
10/15/2012,2739.87,0.00723
10/16/2012,2778.38,0.01396
10/17/2012,2775.62,-0.00099
10/18/2012,2744.17,-0.01140
10/19/2012,2678.32,-0.02429
10/22/2012,2694.56,0.00605
10/23/2012,2666.02,-0.01065
10/24/2012,2655.55,-0.00393
10/25/2012,2657.66,0.00079
10/26/2012,2665.83,0.00307
10/31/2012,2647.92,-0.00674
11/1/2012,2687.52,0.01484
11/2/2012,2656.28,-0.01169
11/5/2012,2672.91,0.00624
11/6/2012,2681.05,0.00304
11/7/2012,2612.69,-0.02583
11/8/2012,2572.57,-0.01547
11/9/2012,2584.1,0.00447
11/12/2012,2582.77,-0.00051
11/13/2012,2561.86,-0.00813
11/14/2012,2531.87,-0.01178
11/15/2012,2524.36,-0.00297
11/16/2012,2534.16,0.00387
11/19/2012,2595.83,0.02404
11/20/2012,2594.66,-0.00045
11/21/2012,2600.48,0.00224
11/23/2012,2639.59,0.01493
11/26/2012,2651.67,0.00457
11/27/2012,2641.42,-0.00387
11/28/2012,2665.27,0.00899
11/29/2012,2680.03,0.00552
11/30/2012,2677.88,-0.00080
12/3/2012,2671.84,-0.00226
12/4/2012,2667.89,-0.00148
12/5/2012,2637.89,-0.01131
12/6/2012,2656.3,0.00695
12/7/2012,2640.54,-0.00595
12/10/2012,2647.57,0.00266
12/11/2012,2682.07,0.01295
12/12/2012,2674.57,-0.00280
12/13/2012,2654.01,-0.00772
12/14/2012,2628.09,-0.00981
12/17/2012,2664.26,0.01367
12/18/2012,2705.39,0.01532
12/19/2012,2690.99,-0.00534
12/20/2012,2693.55,0.00095
12/21/2012,2664.67,-0.01078
12/24/2012,2658.05,-0.00249
12/26/2012,2637.18,-0.00788
12/27/2012,2632.94,-0.00161
12/28/2012,2606.36,-0.01015
12/31/2012,2660.93,0.02072
