zip9,count
606466409,8
606301913,7
606302930,7
606312303,7
606343403,7
606465557,7
606301104,6
606302935,6
606303105,6
606303113,6
606303144,6
606304609,6
606304633,6
606342238,6
606342509,6
606466420,6
606561110,6
606563516,6
606563736,6
607064829,6
607064832,6
601761608,5
606301014,5
606301021,5
606301022,5
606301042,5
606301204,5
606301205,5
606301215,5
606301235,5
606301237,5
606301336,5
606301918,5
606302912,5
606302949,5
606303008,5
606303026,5
606303106,5
606303204,5
606303349,5
606341506,5
606341737,5
606342521,5
606342653,5
606342665,5
606343022,5
606343029,5
606343326,5
606463814,5
606465325,5
606465333,5
606465553,5
606561429,5
606561448,5
606561449,5
606561802,5
606562231,5
606562304,5
606563505,5
606563713,5
607061002,5
607061118,5
607061149,5
607064827,5
607067127,5
600185202,4
606301039,4
606301106,4
606301203,4
606301209,4
606301214,4
606301216,4
606301302,4
606301814,4
606301828,4
606301839,4
606301860,4
606301906,4
606302001,4
606302234,4
606302903,4
606302911,4
606302920,4
606302928,4
606303025,4
606303033,4
606303203,4
606303224,4
606303225,4
606303271,4
606303330,4
606303334,4
606303508,4
606303812,4
606304606,4
606304607,4
606304608,4
606311534,4
606311546,4
606311742,4
606311764,4
606312444,4
606312628,4
606313042,4
606313607,4
606313620,4
606313922,4
606341524,4
606341570,4
606341585,4
606341613,4
606341641,4
606341712,4
606341743,4
606342046,4
606342049,4
606342050,4
606342369,4
606342382,4
606342621,4
606342641,4
606342651,4
606342944,4
606343127,4
606343211,4
606343249,4
606343314,4
606343407,4
606343717,4
606343755,4
606411417,4
606465327,4
606465504,4
606466105,4
606466122,4
606466160,4
606466208,4
606466230,4
606466309,4
606466417,4
606561111,4
606561606,4
606561762,4
606562019,4
606562022,4
606562108,4
606562208,4
606562224,4
606562233,4
606562513,4
606562711,4
606562905,4
606563501,4
606563715,4
606563740,4
606563908,4
607063100,4
607063130,4
607063250,4
607063403,4
607063420,4
607064538,4
607067198,4
607067212,4
607067216,4
607067222,4
607067432,4
607143403,4
600682406,3
600684942,3
600685118,3
600685338,3
601711626,3
601761428,3
601761904,3
601762102,3
601762412,3
606301005,3
606301011,3
606301015,3
606301031,3
606301040,3
606301043,3
606301047,3
606301100,3
606301102,3
606301120,3
606301213,3
606301236,3
606301424,3
606301429,3
606301435,3
606301436,3
606301812,3
606301813,3
606301901,3
606301903,3
606301922,3
606301934,3
606301963,3
606302011,3
606302019,3
606302110,3
606302204,3
606302212,3
606302904,3
606302916,3
606302929,3
606302932,3
606303004,3
606303006,3
606303009,3
606303014,3
606303104,3
606303111,3
606303116,3
606303140,3
606303141,3
606303154,3
606303210,3
606303218,3
606303222,3
606303226,3
606303321,3
606303332,3
606303340,3
606303717,3
606304613,3
606311084,3
606311434,3
606311545,3
606311677,3
606311714,3
606311753,3
606311771,3
606312027,3
606312054,3
606312230,3
606312302,3
606312412,3
606312453,3
606312455,3
606312510,3
606312603,3
606312614,3
606312616,3
606312617,3
606313013,3
606313024,3
606313130,3
606313149,3
606313154,3
606313304,3
606313410,3
606313611,3
606313822,3
606313824,3
606341504,3
606341505,3
606341520,3
606341523,3
606341527,3
606341534,3
606341549,3
606341609,3
606341612,3
606341614,3
606341616,3
606341618,3
606341624,3
606341721,3
606341722,3
606341729,3
606341741,3
606341742,3
606341744,3
606341927,3
606342003,3
606342030,3
606342031,3
606342033,3
606342048,3
606342226,3
606342307,3
606342317,3
606342320,3
606342323,3
606342327,3
606342368,3
606342378,3
606342414,3
606342426,3
606342429,3
606342503,3
606342506,3
606342518,3
606342530,3
606342541,3
606342545,3
606342546,3
606342548,3
606342630,3
606342631,3
606342648,3
606342849,3
606342921,3
606342949,3
606342950,3
606343017,3
606343028,3
606343036,3
606343043,3
606343119,3
606343132,3
606343201,3
606343246,3
606343248,3
606343334,3
606343406,3
606343410,3
606343424,3
606343444,3
606343447,3
606343528,3
606343541,3
606343633,3
606343641,3
606343707,3
606343710,3
606343817,3
606343818,3
606343824,3
606343916,3
606344013,3
606344024,3
606344121,3
606344232,3
606344244,3
606344341,3
606344814,3
606346600,3
606411324,3
606411447,3
606411470,3
606412525,3
606413212,3
606461037,3
606461315,3
606463612,3
606463712,3
606463815,3
606464607,3
606464701,3
606465303,3
606465311,3
606465324,3
606465336,3
606465405,3
606465543,3
606466109,3
606466118,3
606466221,3
606466412,3
606561434,3
606561605,3
606561622,3
606561623,3
606561640,3
606561648,3
606561701,3
606561720,3
606561723,3
606561724,3
606561726,3
606561729,3
606561732,3
606561826,3
606561836,3
606561901,3
606561920,3
606561921,3
606561923,3
606562020,3
606562107,3
606562109,3
606562115,3
606562116,3
606562122,3
606562123,3
606562129,3
606562153,3
606562217,3
606562219,3
606562511,3
606562703,3
606562924,3
606563319,3
606563331,3
606563606,3
606563608,3
606563609,3
606563622,3
606563705,3
606563708,3
606563712,3
606563721,3
606563731,3
606563812,3
606563822,3
606563826,3
606563915,3
606563923,3
606564019,3
606564051,3
606564148,3
607061004,3
607061016,3
607061104,3
607061106,3
607061107,3
607061112,3
607061115,3
607061117,3
607061126,3
607061157,3
607062806,3
607063121,3
607063216,3
607063226,3
607063311,3
607063323,3
607063353,3
607063365,3
607063410,3
607063413,3
607063417,3
607063418,3
607063421,3
607063427,3
607063509,3
607063521,3
607063526,3
607063624,3
607064318,3
607064421,3
607064425,3
607064513,3
607064725,3
607064734,3
607064813,3
607064821,3
607064831,3
607064834,3
607064837,3
607064846,3
607067103,3
607067120,3
607067124,3
607067129,3
607067131,3
607067213,3
607067215,3
607067217,3
607067221,3
607067437,3
607071312,3
607071442,3
607071549,3
607141515,3
607143117,3
600183302,2
600184034,2
600184431,2
600184905,2
600185046,2
600185232,2
600532119,2
600681005,2
600682146,2
600682172,2
600682811,2
600683168,2
600683631,2
600683949,2
600684121,2
600684236,2
600684314,2
600684370,2
600684508,2
600684538,2
600684539,2
600684621,2
600684634,2
600684727,2
600684744,2
600684801,2
600684829,2
600685032,2
600685047,2
600685184,2
600685226,2
600685229,2
600685245,2
600685433,2
600685445,2
600685452,2
600685510,2
601311504,2
601311517,2
601311606,2
601311613,2
601311633,2
601311652,2
601311705,2
601311718,2
601311751,2
601311806,2
601311816,2
601311827,2
601311922,2
601312008,2
601312140,2
601312456,2
601312620,2
601312711,2
601312767,2
601313156,2
601313413,2
601313416,2
601313417,2
601641818,2
601711146,2
601711514,2
601761007,2
601761067,2
601761101,2
601761111,2
601761114,2
601761125,2
601761130,2
601761340,2
601761412,2
601761429,2
601761439,2
601761531,2
601761607,2
601761609,2
601761612,2
601761617,2
601761621,2
601761622,2
601761653,2
601761815,2
601761825,2
601761832,2
601761839,2
601761845,2
601761902,2
601761917,2
601761930,2
601762012,2
601762013,2
601762101,2
601762106,2
601762138,2
601762206,2
601762217,2
601762246,2
601762271,2
601762408,2
601762422,2
601762485,2
601762701,2
603051066,2
606301010,2
606301019,2
606301024,2
606301029,2
606301050,2
606301103,2
606301109,2
606301111,2
606301117,2
606301122,2
606301123,2
606301125,2
606301128,2
606301139,2
606301206,2
606301212,2
606301222,2
606301226,2
606301230,2
606301234,2
606301238,2
606301249,2
606301250,2
606301306,2
606301309,2
606301310,2
606301314,2
606301327,2
606301331,2
606301335,2
606301408,2
606301422,2
606301437,2
606301615,2
606301622,2
606301800,2
606301810,2
606301811,2
606301815,2
606301816,2
606301821,2
606301853,2
606301908,2
606301909,2
606301912,2
606301919,2
606301920,2
606301921,2
606301923,2
606301929,2
606301940,2
606301962,2
606302004,2
606302025,2
606302037,2
606302215,2
606302228,2
606302233,2
606302236,2
606302415,2
606302905,2
606302906,2
606302907,2
606302908,2
606302910,2
606302917,2
606302918,2
606302923,2
606302925,2
606302934,2
606302936,2
606302942,2
606303002,2
606303005,2
606303010,2
606303012,2
606303016,2
606303021,2
606303022,2
606303023,2
606303029,2
606303107,2
606303109,2
606303110,2
606303115,2
606303121,2
606303122,2
606303124,2
606303134,2
606303137,2
606303142,2
606303156,2
606303207,2
606303208,2
606303209,2
606303214,2
606303216,2
606303217,2
606303228,2
606303304,2
606303306,2
606303309,2
606303312,2
606303320,2
606303324,2
606303327,2
606303329,2
606303331,2
606303337,2
606303401,2
606303402,2
606303452,2
606303502,2
606303505,2
606303513,2
606303517,2
606303548,2
606303621,2
606303706,2
606303710,2
606303821,2
606303822,2
606303923,2
606304605,2
606304610,2
606304612,2
606304614,2
606304616,2
606304663,2
606304664,2
606304722,2
606311014,2
606311062,2
606311113,2
606311114,2
606311131,2
606311155,2
606311273,2
606311327,2
606311357,2
606311503,2
606311509,2
606311525,2
606311552,2
606311563,2
606311631,2
606311647,2
606311648,2
606311686,2
606311709,2
606311732,2
606311736,2
606311738,2
606311747,2
606311766,2
606311801,2
606311810,2
606311813,2
606311816,2
606311832,2
606311835,2
606311907,2
606311917,2
606311919,2
606311925,2
606311927,2
606311933,2
606311942,2
606312002,2
606312015,2
606312031,2
606312032,2
606312033,2
606312044,2
606312046,2
606312055,2
606312101,2
606312105,2
606312108,2
606312109,2
606312111,2
606312205,2
606312211,2
606312246,2
606312266,2
606312273,2
606312274,2
606312278,2
606312279,2
606312289,2
606312304,2
606312404,2
606312430,2
606312435,2
606312439,2
606312442,2
606312443,2
606312452,2
606312454,2
606312536,2
606312609,2
606312610,2
606312618,2
606312649,2
606312905,2
606312909,2
606312919,2
606312923,2
606312939,2
606312943,2
606313018,2
606313051,2
606313057,2
606313064,2
606313073,2
606313129,2
606313145,2
606313151,2
606313153,2
606313156,2
606313162,2
606313207,2
606313312,2
606313316,2
606313328,2
606313621,2
606313747,2
606313815,2
606313829,2
606313912,2
606313935,2
606314259,2
606314315,2
606314374,2
606314389,2
606316600,2
606341028,2
606341038,2
606341424,2
606341440,2
606341501,2
606341502,2
606341509,2
606341522,2
606341526,2
606341532,2
606341533,2
606341546,2
606341548,2
606341604,2
606341608,2
606341610,2
606341617,2
606341621,2
606341625,2
606341632,2
606341633,2
606341713,2
606341716,2
606341728,2
606341730,2
606341911,2
606341914,2
606341915,2
606341921,2
606341924,2
606341955,2
606341988,2
606342002,2
606342007,2
606342017,2
606342020,2
606342023,2
606342038,2
606342047,2
606342053,2
606342083,2
606342125,2
606342163,2
606342227,2
606342229,2
606342231,2
606342233,2
606342234,2
606342235,2
606342246,2
606342321,2
606342325,2
606342326,2
606342331,2
606342341,2
606342345,2
606342351,2
606342352,2
606342353,2
606342355,2
606342360,2
606342361,2
606342362,2
606342365,2
606342371,2
606342372,2
606342374,2
606342376,2
606342380,2
606342381,2
606342383,2
606342396,2
606342415,2
606342425,2
606342427,2
606342428,2
606342432,2
606342433,2
606342447,2
606342510,2
606342515,2
606342516,2
606342519,2
606342528,2
606342529,2
606342532,2
606342534,2
606342536,2
606342542,2
606342552,2
606342556,2
606342558,2
606342606,2
606342608,2
606342610,2
606342618,2
606342629,2
606342642,2
606342643,2
606342645,2
606342654,2
606342655,2
606342657,2
606342661,2
606342662,2
606342666,2
606342710,2
606342736,2
606342752,2
606342803,2
606342804,2
606342829,2
606342831,2
606342845,2
606342847,2
606342853,2
606342912,2
606342922,2
606342929,2
606342938,2
606342945,2
606342948,2
606342951,2
606342953,2
606342957,2
606342958,2
606343002,2
606343014,2
606343018,2
606343030,2
606343031,2
606343033,2
606343038,2
606343118,2
606343126,2
606343131,2
606343217,2
606343255,2
606343305,2
606343321,2
606343323,2
606343325,2
606343404,2
606343409,2
606343411,2
606343422,2
606343425,2
606343433,2
606343439,2
606343440,2
606343501,2
606343509,2
606343512,2
606343513,2
606343514,2
606343517,2
606343542,2
606343544,2
606343607,2
606343610,2
606343611,2
606343612,2
606343626,2
606343638,2
606343708,2
606343718,2
606343719,2
606343722,2
606343726,2
606343814,2
606343826,2
606343828,2
606343835,2
606343902,2
606343914,2
606343915,2
606343950,2
606343951,2
606343970,2
606344001,2
606344002,2
606344010,2
606344015,2
606344048,2
606344101,2
606344107,2
606344109,2
606344110,2
606344116,2
606344118,2
606344120,2
606344124,2
606344128,2
606344142,2
606344145,2
606344147,2
606344207,2
606344212,2
606344213,2
606344219,2
606344222,2
606344223,2
606344302,2
606344316,2
606344319,2
606344336,2
606344338,2
606344339,2
606344349,2
606344354,2
606344355,2
606344631,2
606344714,2
606344743,2
606344747,2
606344820,2
606344830,2
606344832,2
606344843,2
606344850,2
606344852,2
606344953,2
606344967,2
606345218,2
606392627,2
606411310,2
606411311,2
606411312,2
606411323,2
606411401,2
606411402,2
606411459,2
606411506,2
606411525,2
606411602,2
606411702,2
606411770,2
606412511,2
606412539,2
606412549,2
606412550,2
606412633,2
606412689,2
606412719,2
606412816,2
606413223,2
606413351,2
606413355,2
606413418,2
606413450,2
606413452,2
606413513,2
606414114,2
606414115,2
606414120,2
606414230,2
606414845,2
606461268,2
606461426,2
606462712,2
606462848,2
606463625,2
606463713,2
606463811,2
606463818,2
606463914,2
606463929,2
606464626,2
606464627,2
606464725,2
606465306,2
606465308,2
606465310,2
606465320,2
606465326,2
606465332,2
606465334,2
606465403,2
606465425,2
606465502,2
606465508,2
606465510,2
606465527,2
606465541,2
606465547,2
606466104,2
606466106,2
606466123,2
606466129,2
606466132,2
606466159,2
606466209,2
606466211,2
606466214,2
606466229,2
606466306,2
606466317,2
606466318,2
606466416,2
606466423,2
606561268,2
606561347,2
606561413,2
606561415,2
606561416,2
606561430,2
606561464,2
606561466,2
606561472,2
606561501,2
606561502,2
606561544,2
606561553,2
606561579,2
606561601,2
606561602,2
606561604,2
606561621,2
606561627,2
606561636,2
606561638,2
606561639,2
606561642,2
606561646,2
606561647,2
606561654,2
606561665,2
606561666,2
606561708,2
606561725,2
606561742,2
606561746,2
606561748,2
606561751,2
606561761,2
606561765,2
606561811,2
606561856,2
606561875,2
606561905,2
606561911,2
606561913,2
606561922,2
606561925,2
606561930,2
606561953,2
606561960,2
606562001,2
606562003,2
606562014,2
606562029,2
606562046,2
606562055,2
606562062,2
606562100,2
606562114,2
606562132,2
606562141,2
606562160,2
606562209,2
606562215,2
606562225,2
606562248,2
606562344,2
606562354,2
606562360,2
606562365,2
606562382,2
606562475,2
606562483,2
606562510,2
606562538,2
606562575,2
606562716,2
606562719,2
606562919,2
606563079,2
606563604,2
606563614,2
606563619,2
606563621,2
606563623,2
606563709,2
606563711,2
606563717,2
606563718,2
606563723,2
606563732,2
606563735,2
606563738,2
606563739,2
606563743,2
606563753,2
606563754,2
606563810,2
606563811,2
606563821,2
606563823,2
606563824,2
606563825,2
606563850,2
606563907,2
606563913,2
606563919,2
606563922,2
606564002,2
606564008,2
606564018,2
606564020,2
606564021,2
606564028,2
606564029,2
606564030,2
606564034,2
606564050,2
606564226,2
606564266,2
607061006,2
607061010,2
607061054,2
607061055,2
607061103,2
607061105,2
607061120,2
607061121,2
607061123,2
607061125,2
607061130,2
607061133,2
607061140,2
607061145,2
607061162,2
607061206,2
607061312,2
607061315,2
607061461,2
607062912,2
607062932,2
607062941,2
607063075,2
607063113,2
607063146,2
607063204,2
607063206,2
607063219,2
607063245,2
607063246,2
607063254,2
607063301,2
607063312,2
607063316,2
607063326,2
607063339,2
607063405,2
607063409,2
607063414,2
607063419,2
607063428,2
607063451,2
607063453,2
607063455,2
607063457,2
607063506,2
607063520,2
607063522,2
607063525,2
607063564,2
607063565,2
607063601,2
607063636,2
607063637,2
607063803,2
607063892,2
607063902,2
607063928,2
607064037,2
607064054,2
607064321,2
607064344,2
607064348,2
607064404,2
607064406,2
607064408,2
607064411,2
607064422,2
607064428,2
607064446,2
607064460,2
607064466,2
607064509,2
607064519,2
607064520,2
607064541,2
607064607,2
607064608,2
607064629,2
607064636,2
607064701,2
607064708,2
607064720,2
607064732,2
607064811,2
607064812,2
607064814,2
607064828,2
607064838,2
607064847,2
607064868,2
607064869,2
607067122,2
607067126,2
607067130,2
607067147,2
607067173,2
607067187,2
607067189,2
607067199,2
607067218,2
607067219,2
607067433,2
607071010,2
607071025,2
607071102,2
607071108,2
607071112,2
607071120,2
607071124,2
607071212,2
607071216,2
607071219,2
607071230,2
607071315,2
607071326,2
607071328,2
607071340,2
607071349,2
607071423,2
607071811,2
607072025,2
607072060,2
607072222,2
607072423,2
607072601,2
607072607,2
607073526,2
607141303,2
607142624,2
607142641,2
607142802,2
607142936,2
607143111,2
607144323,2
607144457,2
607144470,2
607144522,2
607144627,2
600160616,1
600161239,1
600161318,1
600161333,1
600161472,1
600161487,1
600161711,1
600161963,1
600163909,1
600163927,1
600164094,1
600164238,1
600164245,1
600164254,1
600164276,1
600164839,1
600165066,1
600165116,1
600165126,1
600165172,1
600165261,1
600165315,1
600165450,1
600165451,1
600165478,1
600165524,1
600165569,1
600166520,1
600166590,1
600166917,1
600166956,1
600166977,1
600166979,1
600167007,1
600167010,1
600167068,1
600167081,1
600167084,1
600168902,1
600181409,1
600182219,1
600182233,1
600182440,1
600182607,1
600182736,1
600183130,1
600183163,1
600183212,1
600183332,1
600183400,1
600183517,1
600183541,1
600183561,1
600183607,1
600183625,1
600183627,1
600183637,1
600183706,1
600183707,1
600183818,1
600183873,1
600183917,1
600183926,1
600184026,1
600184039,1
600184087,1
600184101,1
600184106,1
600184201,1
600184203,1
600184206,1
600184207,1
600184247,1
600184362,1
600184410,1
600184420,1
600184503,1
600184511,1
600184619,1
600184796,1
600184813,1
600184824,1
600184838,1
600184850,1
600184892,1
600184914,1
600184973,1
600185008,1
600185010,1
600185012,1
600185014,1
600185019,1
600185021,1
600185023,1
600185025,1
600185026,1
600185027,1
600185048,1
600185050,1
600185128,1
600185133,1
600185150,1
600185155,1
600185158,1
600185181,1
600185189,1
600185192,1
600185214,1
600185226,1
600185231,1
600185248,1
600185249,1
600185303,1
600185400,1
600185409,1
600185621,1
600185625,1
600185626,1
600186001,1
600186002,1
600186705,1
600186900,1
600251443,1
600253828,1
600253942,1
600253991,1
600254571,1
600254730,1
600254744,1
600254903,1
600254915,1
600255054,1
600255160,1
600531008,1
600531034,1
600531053,1
600531106,1
600531225,1
600531253,1
600531319,1
600531623,1
600531650,1
600531730,1
600531762,1
600531815,1
600532028,1
600532102,1
600532127,1
600532202,1
600532227,1
600532234,1
600532267,1
600532331,1
600532637,1
600532654,1
600532712,1
600532728,1
600532866,1
600533002,1
600533106,1
600533149,1
600533306,1
600533704,1
600681090,1
600681110,1
600681143,1
600681165,1
600681186,1
600681225,1
600681270,1
600681308,1
600681329,1
600681332,1
600681356,1
600681511,1
600681512,1
600681584,1
600681604,1
600681648,1
600681809,1
600681833,1
600681848,1
600681856,1
600681905,1
600681914,1
600681920,1
600681974,1
600681975,1
600681981,1
600682023,1
600682028,1
600682120,1
600682121,1
600682145,1
600682220,1
600682257,1
600682359,1
600682360,1
600682402,1
600682405,1
600682417,1
600682420,1
600682506,1
600682527,1
600682551,1
600682575,1
600682669,1
600682675,1
600682677,1
600682690,1
600682707,1
600682712,1
600682736,1
600682746,1
600682761,1
600682814,1
600682816,1
600682818,1
600682872,1
600682900,1
600682918,1
600682922,1
600682935,1
600682963,1
600683005,1
600683007,1
600683018,1
600683033,1
600683035,1
600683114,1
600683117,1
600683121,1
600683142,1
600683145,1
600683146,1
600683147,1
600683204,1
600683205,1
600683223,1
600683224,1
600683229,1
600683262,1
600683274,1
600683310,1
600683314,1
600683338,1
600683348,1
600683402,1
600683421,1
600683451,1
600683453,1
600683506,1
600683530,1
600683540,1
600683544,1
600683547,1
600683565,1
600683566,1
600683653,1
600683676,1
600683683,1
600683687,1
600683693,1
600683694,1
600683702,1
600683714,1
600683801,1
600683803,1
600683805,1
600683812,1
600683820,1
600683827,1
600683847,1
600683848,1
600683854,1
600683855,1
600683882,1
600683903,1
600683912,1
600683913,1
600683918,1
600683939,1
600683944,1
600683948,1
600683958,1
600684008,1
600684014,1
600684021,1
600684032,1
600684052,1
600684055,1
600684103,1
600684109,1
600684116,1
600684122,1
600684133,1
600684146,1
600684208,1
600684214,1
600684223,1
600684246,1
600684248,1
600684254,1
600684256,1
600684308,1
600684317,1
600684321,1
600684325,1
600684329,1
600684344,1
600684349,1
600684350,1
600684351,1
600684369,1
600684380,1
600684403,1
600684408,1
600684410,1
600684416,1
600684430,1
600684448,1
600684451,1
600684453,1
600684465,1
600684466,1
600684477,1
600684490,1
600684506,1
600684519,1
600684537,1
600684547,1
600684606,1
600684608,1
600684612,1
600684626,1
600684628,1
600684629,1
600684649,1
600684651,1
600684653,1
600684666,1
600684681,1
600684682,1
600684702,1
600684703,1
600684708,1
600684732,1
600684740,1
600684760,1
600684820,1
600684837,1
600684839,1
600684840,1
600684841,1
600684846,1
600684864,1
600684905,1
600684912,1
600684918,1
600684922,1
600684923,1
600684931,1
600684971,1
600684987,1
600685005,1
600685017,1
600685022,1
600685030,1
600685031,1
600685044,1
600685058,1
600685062,1
600685064,1
600685100,1
600685101,1
600685103,1
600685117,1
600685122,1
600685124,1
600685134,1
600685135,1
600685137,1
600685142,1
600685155,1
600685159,1
600685165,1
600685172,1
600685173,1
600685183,1
600685202,1
600685203,1
600685205,1
600685210,1
600685212,1
600685217,1
600685232,1
600685238,1
600685247,1
600685248,1
600685251,1
600685267,1
600685269,1
600685272,1
600685308,1
600685326,1
600685341,1
600685357,1
600685368,1
600685370,1
600685373,1
600685376,1
600685384,1
600685387,1
600685388,1
600685389,1
600685401,1
600685403,1
600685404,1
600685408,1
600685410,1
600685412,1
600685413,1
600685416,1
600685417,1
600685419,1
600685424,1
600685425,1
600685439,1
600685443,1
600685446,1
600685464,1
600685472,1
600685481,1
600685508,1
600685513,1
600685518,1
600685524,1
600685527,1
600685528,1
600685541,1
600685548,1
600685549,1
600685555,1
600685556,1
600685601,1
600685606,1
600685608,1
600685609,1
600685620,1
600685636,1
600685639,1
600685645,1
600685723,1
600685729,1
600685740,1
600685741,1
600685743,1
600685751,1
600685785,1
600773222,1
600773253,1
600913419,1
601011225,1
601041840,1
601063138,1
601063208,1
601063240,1
601063250,1
601301046,1
601301082,1
601301270,1
601301411,1
601301504,1
601301614,1
601301678,1
601302056,1
601302078,1
601303115,1
601303314,1
601303603,1
601311124,1
601311200,1
601311212,1
601311230,1
601311304,1
601311319,1
601311331,1
601311425,1
601311437,1
601311508,1
601311511,1
601311513,1
601311514,1
601311518,1
601311520,1
601311542,1
601311591,1
601311604,1
601311605,1
601311608,1
601311616,1
601311623,1
601311631,1
601311632,1
601311639,1
601311649,1
601311650,1
601311651,1
601311704,1
601311708,1
601311710,1
601311711,1
601311712,1
601311714,1
601311715,1
601311717,1
601311720,1
601311721,1
601311727,1
601311732,1
601311733,1
601311737,1
601311738,1
601311740,1
601311741,1
601311742,1
601311743,1
601311744,1
601311746,1
601311752,1
601311759,1
601311763,1
601311775,1
601311801,1
601311807,1
601311814,1
601311828,1
601311904,1
601311919,1
601311921,1
601311923,1
601311924,1
601311935,1
601311936,1
601311974,1
601312007,1
601312009,1
601312016,1
601312019,1
601312020,1
601312024,1
601312035,1
601312038,1
601312048,1
601312059,1
601312060,1
601312103,1
601312112,1
601312121,1
601312124,1
601312125,1
601312129,1
601312130,1
601312139,1
601312146,1
601312147,1
601312152,1
601312158,1
601312216,1
601312265,1
601312406,1
601312407,1
601312414,1
601312415,1
601312417,1
601312418,1
601312424,1
601312429,1
601312432,1
601312434,1
601312443,1
601312481,1
601312491,1
601312493,1
601312506,1
601312512,1
601312519,1
601312556,1
601312607,1
601312618,1
601312621,1
601312623,1
601312630,1
601312637,1
601312658,1
601312703,1
601312706,1
601312707,1
601312717,1
601312724,1
601312725,1
601312747,1
601312749,1
601312766,1
601312802,1
601312809,1
601312814,1
601312818,1
601312819,1
601312835,1
601312907,1
601312908,1
601312915,1
601312917,1
601312922,1
601312942,1
601312945,1
601312948,1
601312952,1
601312981,1
601313001,1
601313002,1
601313034,1
601313073,1
601313119,1
601313132,1
601313136,1
601313148,1
601313162,1
601313166,1
601313167,1
601313201,1
601313203,1
601313213,1
601313214,1
601313225,1
601313236,1
601313237,1
601313238,1
601313239,1
601313245,1
601313266,1
601313275,1
601313276,1
601313328,1
601313329,1
601313333,1
601313346,1
601313347,1
601313415,1
601313422,1
601313423,1
601313506,1
601313711,1
601313882,1
601431852,1
601531238,1
601531942,1
601601003,1
601601013,1
601601163,1
601601204,1
601601238,1
601601243,1
601601284,1
601601339,1
601601403,1
601601423,1
601601648,1
601601820,1
601602661,1
601602834,1
601603079,1
601603409,1
601603520,1
601641014,1
601641063,1
601641072,1
601641100,1
601641101,1
601641117,1
601641149,1
601641155,1
601641201,1
601641221,1
601641242,1
601641260,1
601641301,1
601641353,1
601641407,1
601641411,1
601641442,1
601641445,1
601641448,1
601641449,1
601641452,1
601641459,1
601641474,1
601641531,1
601641561,1
601641582,1
601641633,1
601641636,1
601641649,1
601641707,1
601641810,1
601641811,1
601641820,1
601641824,1
601641833,1
601641841,1
601641845,1
601641858,1
601641906,1
601641932,1
601641934,1
601641938,1
601641949,1
601641969,1
601641977,1
601642014,1
601642022,1
601642145,1
601642256,1
601642618,1
601642639,1
601642717,1
601651117,1
601711011,1
601711018,1
601711023,1
601711024,1
601711031,1
601711038,1
601711056,1
601711058,1
601711059,1
601711060,1
601711064,1
601711078,1
601711081,1
601711090,1
601711121,1
601711123,1
601711126,1
601711127,1
601711142,1
601711156,1
601711157,1
601711161,1
601711162,1
601711163,1
601711171,1
601711174,1
601711177,1
601711190,1
601711207,1
601711226,1
601711233,1
601711240,1
601711250,1
601711268,1
601711272,1
601711277,1
601711278,1
601711306,1
601711308,1
601711316,1
601711344,1
601711346,1
601711348,1
601711350,1
601711353,1
601711375,1
601711376,1
601711441,1
601711492,1
601711495,1
601711502,1
601711541,1
601711615,1
601711616,1
601711622,1
601711629,1
601711631,1
601711642,1
601711655,1
601711657,1
601711661,1
601711663,1
601711706,1
601711709,1
601711713,1
601711714,1
601711724,1
601711725,1
601711727,1
601711736,1
601711738,1
601711741,1
601711782,1
601711841,1
601711848,1
601711850,1
601711856,1
601711859,1
601711862,1
601711884,1
601711910,1
601713117,1
601713118,1
601713128,1
601713234,1
601713302,1
601713330,1
601713331,1
601713352,1
601713404,1
601713420,1
601713430,1
601713606,1
601761005,1
601761010,1
601761013,1
601761016,1
601761023,1
601761025,1
601761027,1
601761030,1
601761035,1
601761039,1
601761041,1
601761063,1
601761105,1
601761106,1
601761109,1
601761113,1
601761117,1
601761120,1
601761121,1
601761149,1
601761152,1
601761155,1
601761158,1
601761161,1
601761177,1
601761179,1
601761184,1
601761202,1
601761203,1
601761307,1
601761310,1
601761311,1
601761319,1
601761323,1
601761324,1
601761326,1
601761327,1
601761401,1
601761407,1
601761414,1
601761415,1
601761418,1
601761421,1
601761423,1
601761424,1
601761426,1
601761431,1
601761432,1
601761437,1
601761445,1
601761451,1
601761456,1
601761464,1
601761466,1
601761468,1
601761471,1
601761475,1
601761478,1
601761493,1
601761502,1
601761518,1
601761519,1
601761527,1
601761530,1
601761536,1
601761546,1
601761548,1
601761551,1
601761554,1
601761555,1
601761556,1
601761559,1
601761561,1
601761564,1
601761565,1
601761566,1
601761571,1
601761572,1
601761576,1
601761578,1
601761580,1
601761582,1
601761603,1
601761606,1
601761610,1
601761614,1
601761619,1
601761620,1
601761623,1
601761624,1
601761628,1
601761630,1
601761633,1
601761636,1
601761640,1
601761642,1
601761643,1
601761644,1
601761645,1
601761646,1
601761648,1
601761649,1
601761650,1
601761651,1
601761652,1
601761713,1
601761801,1
601761805,1
601761813,1
601761820,1
601761824,1
601761830,1
601761835,1
601761837,1
601761838,1
601761844,1
601761846,1
601761857,1
601761869,1
601761891,1
601761907,1
601761909,1
601761912,1
601761918,1
601761924,1
601761927,1
601761928,1
601761932,1
601761935,1
601761940,1
601761949,1
601761967,1
601761969,1
601761974,1
601762007,1
601762014,1
601762020,1
601762033,1
601762048,1
601762060,1
601762061,1
601762062,1
601762063,1
601762064,1
601762066,1
601762070,1
601762071,1
601762073,1
601762076,1
601762078,1
601762090,1
601762103,1
601762105,1
601762109,1
601762110,1
601762115,1
601762134,1
601762135,1
601762146,1
601762147,1
601762161,1
601762169,1
601762208,1
601762209,1
601762213,1
601762220,1
601762221,1
601762223,1
601762224,1
601762226,1
601762227,1
601762229,1
601762232,1
601762233,1
601762236,1
601762237,1
601762238,1
601762241,1
601762242,1
601762245,1
601762248,1
601762251,1
601762253,1
601762265,1
601762272,1
601762275,1
601762279,1
601762283,1
601762303,1
601762305,1
601762307,1
601762316,1
601762319,1
601762325,1
601762327,1
601762328,1
601762335,1
601762336,1
601762337,1
601762338,1
601762340,1
601762342,1
601762346,1
601762356,1
601762391,1
601762406,1
601762407,1
601762409,1
601762417,1
601762418,1
601762421,1
601762427,1
601762428,1
601762435,1
601762440,1
601762442,1
601762444,1
601762447,1
601762451,1
601762453,1
601762457,1
601762458,1
601762461,1
601762472,1
601762473,1
601762478,1
601762484,1
601762491,1
601765007,1
601765009,1
601765019,1
601765026,1
601765034,1
601765035,1
602022014,1
603011116,1
603011145,1
603011270,1
603011342,1
603011421,1
603011507,1
603016401,1
603021112,1
603021247,1
603021318,1
603021414,1
603021415,1
603021441,1
603021455,1
603021614,1
603021702,1
603021747,1
603021988,1
603022066,1
603022165,1
603022225,1
603022506,1
603022519,1
603022522,1
603022569,1
603022577,1
603022906,1
603022996,1
603023010,1
603023380,1
603023513,1
603023560,1
603023636,1
603023740,1
603023848,1
603024205,1
603024404,1
603024437,1
603041043,1
603041335,1
603041524,1
603051011,1
603051020,1
603051037,1
603051049,1
603051102,1
603051137,1
603051255,1
603051261,1
603051305,1
603051402,1
603051415,1
603051426,1
603051515,1
603051547,1
603051602,1
603051788,1
603052013,1
603052061,1
605423323,1
606075146,1
606132403,1
606135016,1
606146102,1
606181233,1
606182303,1
606183101,1
606184218,1
606185111,1
606185149,1
606185235,1
606185307,1
606186523,1
606186605,1
606186701,1
606251108,1
606251658,1
606252696,1
606252952,1
606253218,1
606253722,1
606254171,1
606254336,1
606254509,1
606255155,1
606255192,1
606255320,1
606255370,1
606255423,1
606255781,1
606256021,1
606256057,1
606256120,1
606256204,1
606256295,1
606256314,1
606301001,1
606301003,1
606301008,1
606301009,1
606301012,1
606301020,1
606301027,1
606301028,1
606301030,1
606301032,1
606301033,1
606301036,1
606301037,1
606301044,1
606301045,1
606301046,1
606301053,1
606301105,1
606301107,1
606301110,1
606301112,1
606301119,1
606301121,1
606301126,1
606301202,1
606301207,1
606301210,1
606301217,1
606301218,1
606301220,1
606301221,1
606301223,1
606301242,1
606301261,1
606301304,1
606301305,1
606301307,1
606301308,1
606301316,1
606301321,1
606301322,1
606301324,1
606301326,1
606301328,1
606301334,1
606301337,1
606301344,1
606301346,1
606301403,1
606301405,1
606301406,1
606301407,1
606301409,1
606301412,1
606301413,1
606301414,1
606301419,1
606301423,1
606301434,1
606301458,1
606301506,1
606301508,1
606301513,1
606301518,1
606301529,1
606301551,1
606301603,1
606301606,1
606301625,1
606301631,1
606301637,1
606301711,1
606301712,1
606301735,1
606301739,1
606301801,1
606301805,1
606301806,1
606301817,1
606301822,1
606301824,1
606301825,1
606301829,1
606301835,1
606301836,1
606301837,1
606301838,1
606301841,1
606301846,1
606301850,1
606301855,1
606301856,1
606301868,1
606301894,1
606301907,1
606301910,1
606301911,1
606301916,1
606301924,1
606301935,1
606301938,1
606301945,1
606301949,1
606301976,1
606301988,1
606302002,1
606302003,1
606302014,1
606302015,1
606302016,1
606302017,1
606302023,1
606302024,1
606302038,1
606302043,1
606302063,1
606302067,1
606302073,1
606302077,1
606302086,1
606302089,1
606302091,1
606302093,1
606302096,1
606302097,1
606302103,1
606302106,1
606302120,1
606302122,1
606302124,1
606302130,1
606302132,1
606302134,1
606302135,1
606302141,1
606302142,1
606302162,1
606302173,1
606302202,1
606302205,1
606302206,1
606302209,1
606302211,1
606302217,1
606302219,1
606302222,1
606302229,1
606302231,1
606302232,1
606302235,1
606302240,1
606302241,1
606302252,1
606302253,1
606302258,1
606302303,1
606302305,1
606302306,1
606302311,1
606302314,1
606302315,1
606302316,1
606302317,1
606302322,1
606302324,1
606302330,1
606302331,1
606302332,1
606302335,1
606302338,1
606302343,1
606302351,1
606302354,1
606302355,1
606302375,1
606302383,1
606302390,1
606302401,1
606302405,1
606302406,1
606302412,1
606302413,1
606302417,1
606302423,1
606302429,1
606302435,1
606302441,1
606302463,1
606302466,1
606302495,1
606302540,1
606302585,1
606302609,1
606302627,1
606302711,1
606302757,1
606302759,1
606302818,1
606302851,1
606302909,1
606302913,1
606302914,1
606302915,1
606302921,1
606302924,1
606302927,1
606302931,1
606302933,1
606302937,1
606302938,1
606302939,1
606302941,1
606302943,1
606302944,1
606302945,1
606302950,1
606302953,1
606303001,1
606303007,1
606303011,1
606303013,1
606303017,1
606303018,1
606303019,1
606303020,1
606303028,1
606303032,1
606303034,1
606303040,1
606303044,1
606303048,1
606303101,1
606303108,1
606303120,1
606303128,1
606303130,1
606303135,1
606303136,1
606303138,1
606303139,1
606303147,1
606303153,1
606303159,1
606303173,1
606303185,1
606303198,1
606303205,1
606303206,1
606303211,1
606303213,1
606303219,1
606303221,1
606303238,1
606303240,1
606303241,1
606303242,1
606303244,1
606303246,1
606303247,1
606303250,1
606303260,1
606303263,1
606303270,1
606303272,1
606303279,1
606303291,1
606303305,1
606303307,1
606303310,1
606303315,1
606303316,1
606303317,1
606303318,1
606303319,1
606303322,1
606303328,1
606303333,1
606303345,1
606303348,1
606303355,1
606303386,1
606303389,1
606303395,1
606303403,1
606303416,1
606303417,1
606303437,1
606303455,1
606303461,1
606303463,1
606303475,1
606303476,1
606303486,1
606303501,1
606303503,1
606303504,1
606303510,1
606303511,1
606303515,1
606303521,1
606303527,1
606303532,1
606303535,1
606303575,1
606303595,1
606303600,1
606303602,1
606303603,1
606303609,1
606303622,1
606303623,1
606303624,1
606303637,1
606303648,1
606303652,1
606303670,1
606303694,1
606303701,1
606303711,1
606303724,1
606303734,1
606303743,1
606303774,1
606303775,1
606303794,1
606303796,1
606303801,1
606303808,1
606303823,1
606303830,1
606303839,1
606303845,1
606303894,1
606303903,1
606303906,1
606303907,1
606303908,1
606303918,1
606303927,1
606303930,1
606303933,1
606303938,1
606303939,1
606304008,1
606304027,1
606304029,1
606304081,1
606304113,1
606304114,1
606304224,1
606304231,1
606304243,1
606304251,1
606304268,1
606304309,1
606304327,1
606304415,1
606304423,1
606304601,1
606304611,1
606304617,1
606304628,1
606304632,1
606304635,1
606304640,1
606304656,1
606304659,1
606304660,1
606304667,1
606304676,1
606304709,1
606304711,1
606304715,1
606304719,1
606304729,1
606306000,1
606307000,1
606311012,1
606311043,1
606311048,1
606311056,1
606311057,1
606311059,1
606311063,1
606311066,1
606311067,1
606311083,1
606311103,1
606311112,1
606311118,1
606311122,1
606311126,1
606311127,1
606311129,1
606311130,1
606311135,1
606311136,1
606311138,1
606311139,1
606311141,1
606311147,1
606311152,1
606311159,1
606311162,1
606311198,1
606311207,1
606311228,1
606311229,1
606311230,1
606311249,1
606311254,1
606311267,1
606311276,1
606311277,1
606311294,1
606311335,1
606311336,1
606311341,1
606311385,1
606311393,1
606311406,1
606311407,1
606311409,1
606311414,1
606311481,1
606311510,1
606311511,1
606311513,1
606311514,1
606311515,1
606311516,1
606311519,1
606311521,1
606311524,1
606311526,1
606311529,1
606311531,1
606311535,1
606311536,1
606311537,1
606311541,1
606311544,1
606311549,1
606311555,1
606311562,1
606311627,1
606311628,1
606311630,1
606311640,1
606311649,1
606311651,1
606311670,1
606311672,1
606311675,1
606311676,1
606311688,1
606311689,1
606311702,1
606311708,1
606311710,1
606311711,1
606311712,1
606311721,1
606311726,1
606311730,1
606311733,1
606311734,1
606311743,1
606311750,1
606311752,1
606311755,1
606311756,1
606311762,1
606311768,1
606311774,1
606311782,1
606311802,1
606311803,1
606311804,1
606311807,1
606311809,1
606311812,1
606311819,1
606311822,1
606311827,1
606311831,1
606311834,1
606311836,1
606311837,1
606311847,1
606311881,1
606311882,1
606311894,1
606311901,1
606311903,1
606311904,1
606311905,1
606311914,1
606311918,1
606311920,1
606311923,1
606311928,1
606311932,1
606311937,1
606311938,1
606311943,1
606311947,1
606311955,1
606311956,1
606311972,1
606312001,1
606312004,1
606312016,1
606312018,1
606312020,1
606312025,1
606312028,1
606312034,1
606312038,1
606312040,1
606312048,1
606312049,1
606312050,1
606312052,1
606312053,1
606312056,1
606312069,1
606312071,1
606312072,1
606312073,1
606312074,1
606312075,1
606312076,1
606312077,1
606312085,1
606312089,1
606312096,1
606312106,1
606312114,1
606312115,1
606312124,1
606312138,1
606312139,1
606312141,1
606312143,1
606312146,1
606312166,1
606312201,1
606312212,1
606312213,1
606312235,1
606312244,1
606312252,1
606312260,1
606312261,1
606312262,1
606312265,1
606312275,1
606312283,1
606312290,1
606312305,1
606312307,1
606312309,1
606312311,1
606312314,1
606312330,1
606312341,1
606312342,1
606312343,1
606312344,1
606312346,1
606312347,1
606312349,1
606312351,1
606312355,1
606312356,1
606312358,1
606312366,1
606312368,1
606312378,1
606312408,1
606312426,1
606312428,1
606312429,1
606312432,1
606312433,1
606312448,1
606312457,1
606312477,1
606312503,1
606312509,1
606312517,1
606312532,1
606312548,1
606312549,1
606312602,1
606312607,1
606312608,1
606312623,1
606312627,1
606312629,1
606312630,1
606312635,1
606312639,1
606312655,1
606312656,1
606312680,1
606312801,1
606312806,1
606312900,1
606312901,1
606312904,1
606312906,1
606312907,1
606312914,1
606312915,1
606312916,1
606312917,1
606312920,1
606312925,1
606312927,1
606312931,1
606312933,1
606312940,1
606313003,1
606313004,1
606313011,1
606313014,1
606313015,1
606313023,1
606313032,1
606313033,1
606313046,1
606313047,1
606313049,1
606313054,1
606313055,1
606313058,1
606313066,1
606313074,1
606313076,1
606313108,1
606313110,1
606313118,1
606313119,1
606313120,1
606313131,1
606313137,1
606313139,1
606313141,1
606313143,1
606313146,1
606313148,1
606313159,1
606313161,1
606313168,1
606313169,1
606313185,1
606313204,1
606313210,1
606313212,1
606313213,1
606313214,1
606313215,1
606313216,1
606313219,1
606313222,1
606313306,1
606313310,1
606313317,1
606313333,1
606313353,1
606313406,1
606313408,1
606313409,1
606313413,1
606313416,1
606313473,1
606313478,1
606313479,1
606313512,1
606313515,1
606313558,1
606313579,1
606313600,1
606313613,1
606313626,1
606313655,1
606313676,1
606313683,1
606313684,1
606313695,1
606313701,1
606313707,1
606313710,1
606313740,1
606313745,1
606313749,1
606313750,1
606313751,1
606313755,1
606313805,1
606313811,1
606313818,1
606313820,1
606313821,1
606313823,1
606313828,1
606313831,1
606313842,1
606313844,1
606313902,1
606313904,1
606313905,1
606313908,1
606313914,1
606313915,1
606313917,1
606313918,1
606313919,1
606313923,1
606313927,1
606313931,1
606313936,1
606313960,1
606314003,1
606314101,1
606314239,1
606314255,1
606314257,1
606314311,1
606314313,1
606314318,1
606314322,1
606314342,1
606314346,1
606314347,1
606314348,1
606314349,1
606314353,1
606314363,1
606314375,1
606314380,1
606314406,1
606314418,1
606314421,1
606314424,1
606314434,1
606314443,1
606316509,1
606341027,1
606341029,1
606341030,1
606341031,1
606341032,1
606341034,1
606341040,1
606341410,1
606341416,1
606341417,1
606341452,1
606341455,1
606341468,1
606341487,1
606341513,1
606341516,1
606341517,1
606341518,1
606341528,1
606341536,1
606341537,1
606341538,1
606341541,1
606341551,1
606341553,1
606341563,1
606341565,1
606341566,1
606341567,1
606341568,1
606341583,1
606341591,1
606341601,1
606341622,1
606341623,1
606341629,1
606341635,1
606341636,1
606341642,1
606341704,1
606341705,1
606341706,1
606341708,1
606341714,1
606341718,1
606341720,1
606341723,1
606341727,1
606341731,1
606341738,1
606341749,1
606341763,1
606341776,1
606341779,1
606341782,1
606341785,1
606341786,1
606341795,1
606341810,1
606341813,1
606341823,1
606341826,1
606341827,1
606341832,1
606341833,1
606341846,1
606341848,1
606341859,1
606341879,1
606341900,1
606341901,1
606341905,1
606341913,1
606341917,1
606341919,1
606341928,1
606341929,1
606341930,1
606341932,1
606341933,1
606341935,1
606341938,1
606341942,1
606341948,1
606341950,1
606341953,1
606341954,1
606341957,1
606341958,1
606341971,1
606341974,1
606342004,1
606342010,1
606342011,1
606342012,1
606342014,1
606342018,1
606342019,1
606342021,1
606342024,1
606342034,1
606342036,1
606342039,1
606342040,1
606342042,1
606342043,1
606342044,1
606342054,1
606342055,1
606342074,1
606342111,1
606342114,1
606342116,1
606342117,1
606342118,1
606342121,1
606342122,1
606342126,1
606342128,1
606342135,1
606342137,1
606342139,1
606342142,1
606342144,1
606342147,1
606342148,1
606342153,1
606342154,1
606342155,1
606342157,1
606342158,1
606342161,1
606342166,1
606342168,1
606342205,1
606342208,1
606342213,1
606342218,1
606342228,1
606342230,1
606342240,1
606342242,1
606342243,1
606342250,1
606342282,1
606342285,1
606342288,1
606342301,1
606342315,1
606342316,1
606342319,1
606342322,1
606342324,1
606342337,1
606342338,1
606342344,1
606342347,1
606342354,1
606342356,1
606342357,1
606342358,1
606342377,1
606342379,1
606342390,1
606342392,1
606342401,1
606342403,1
606342412,1
606342416,1
606342418,1
606342419,1
606342420,1
606342422,1
606342424,1
606342434,1
606342437,1
606342451,1
606342458,1
606342461,1
606342464,1
606342472,1
606342492,1
606342502,1
606342511,1
606342520,1
606342524,1
606342531,1
606342535,1
606342539,1
606342540,1
606342543,1
606342547,1
606342549,1
606342550,1
606342555,1
606342562,1
606342568,1
606342569,1
606342616,1
606342623,1
606342626,1
606342627,1
606342628,1
606342633,1
606342634,1
606342638,1
606342639,1
606342644,1
606342656,1
606342658,1
606342659,1
606342663,1
606342693,1
606342706,1
606342718,1
606342728,1
606342731,1
606342737,1
606342739,1
606342741,1
606342745,1
606342748,1
606342751,1
606342754,1
606342756,1
606342762,1
606342791,1
606342792,1
606342801,1
606342802,1
606342817,1
606342820,1
606342821,1
606342838,1
606342840,1
606342843,1
606342844,1
606342848,1
606342850,1
606342855,1
606342902,1
606342904,1
606342907,1
606342908,1
606342924,1
606342925,1
606342930,1
606342931,1
606342932,1
606342936,1
606342947,1
606342952,1
606342954,1
606342967,1
606343000,1
606343003,1
606343007,1
606343008,1
606343010,1
606343011,1
606343012,1
606343013,1
606343016,1
606343019,1
606343021,1
606343023,1
606343024,1
606343040,1
606343041,1
606343042,1
606343048,1
606343059,1
606343074,1
606343076,1
606343099,1
606343101,1
606343105,1
606343107,1
606343112,1
606343113,1
606343115,1
606343116,1
606343117,1
606343122,1
606343125,1
606343129,1
606343130,1
606343134,1
606343137,1
606343140,1
606343160,1
606343190,1
606343195,1
606343198,1
606343206,1
606343207,1
606343210,1
606343213,1
606343218,1
606343224,1
606343225,1
606343229,1
606343237,1
606343242,1
606343244,1
606343245,1
606343247,1
606343251,1
606343271,1
606343281,1
606343282,1
606343301,1
606343306,1
606343307,1
606343308,1
606343311,1
606343315,1
606343319,1
606343328,1
606343329,1
606343330,1
606343333,1
606343335,1
606343336,1
606343338,1
606343339,1
606343340,1
606343342,1
606343344,1
606343345,1
606343353,1
606343359,1
606343380,1
606343405,1
606343408,1
606343413,1
606343414,1
606343415,1
606343420,1
606343421,1
606343423,1
606343427,1
606343429,1
606343435,1
606343438,1
606343441,1
606343442,1
606343443,1
606343452,1
606343471,1
606343503,1
606343510,1
606343515,1
606343516,1
606343518,1
606343519,1
606343522,1
606343523,1
606343524,1
606343525,1
606343529,1
606343531,1
606343534,1
606343536,1
606343537,1
606343554,1
606343573,1
606343601,1
606343602,1
606343605,1
606343606,1
606343608,1
606343618,1
606343622,1
606343637,1
606343639,1
606343642,1
606343645,1
606343646,1
606343650,1
606343652,1
606343654,1
606343670,1
606343672,1
606343702,1
606343711,1
606343714,1
606343721,1
606343725,1
606343728,1
606343729,1
606343746,1
606343747,1
606343749,1
606343750,1
606343751,1
606343753,1
606343758,1
606343762,1
606343813,1
606343815,1
606343819,1
606343820,1
606343821,1
606343825,1
606343827,1
606343833,1
606343848,1
606343849,1
606343856,1
606343862,1
606343864,1
606343867,1
606343871,1
606343890,1
606343892,1
606343896,1
606343897,1
606343901,1
606343904,1
606343905,1
606343909,1
606343913,1
606343918,1
606343921,1
606343928,1
606343935,1
606343944,1
606343946,1
606343947,1
606343954,1
606343965,1
606344003,1
606344004,1
606344006,1
606344008,1
606344009,1
606344012,1
606344014,1
606344016,1
606344019,1
606344022,1
606344032,1
606344033,1
606344034,1
606344035,1
606344042,1
606344045,1
606344049,1
606344054,1
606344087,1
606344102,1
606344111,1
606344119,1
606344125,1
606344129,1
606344133,1
606344138,1
606344143,1
606344183,1
606344201,1
606344205,1
606344208,1
606344214,1
606344217,1
606344220,1
606344221,1
606344225,1
606344229,1
606344230,1
606344231,1
606344233,1
606344260,1
606344263,1
606344288,1
606344307,1
606344315,1
606344317,1
606344320,1
606344331,1
606344342,1
606344343,1
606344344,1
606344345,1
606344346,1
606344347,1
606344348,1
606344351,1
606344356,1
606344359,1
606344382,1
606344410,1
606344421,1
606344425,1
606344438,1
606344441,1
606344444,1
606344504,1
606344514,1
606344523,1
606344526,1
606344528,1
606344529,1
606344530,1
606344550,1
606344556,1
606344602,1
606344603,1
606344606,1
606344608,1
606344612,1
606344620,1
606344622,1
606344624,1
606344628,1
606344634,1
606344635,1
606344638,1
606344640,1
606344643,1
606344652,1
606344653,1
606344658,1
606344660,1
606344665,1
606344674,1
606344684,1
606344717,1
606344719,1
606344721,1
606344723,1
606344724,1
606344726,1
606344727,1
606344728,1
606344733,1
606344744,1
606344745,1
606344752,1
606344778,1
606344788,1
606344801,1
606344809,1
606344811,1
606344817,1
606344822,1
606344829,1
606344839,1
606344840,1
606344844,1
606344848,1
606344851,1
606344866,1
606344889,1
606344890,1
606344891,1
606344910,1
606344917,1
606344920,1
606344936,1
606344942,1
606344944,1
606344950,1
606344955,1
606344960,1
606344961,1
606344962,1
606344963,1
606344966,1
606344975,1
606345006,1
606345020,1
606345022,1
606345024,1
606345029,1
606345040,1
606345042,1
606345054,1
606345056,1
606345109,1
606345110,1
606345120,1
606345137,1
606345139,1
606345140,1
606345145,1
606345172,1
606345211,1
606345241,1
606345243,1
606345247,1
606345248,1
606345266,1
606345273,1
606345302,1
606345307,1
606345321,1
606345323,1
606345400,1
606345403,1
606345408,1
606345500,1
606345502,1
606345505,1
606345525,1
606345526,1
606345610,1
606345616,1
606346207,1
606346208,1
606346212,1
606346213,1
606346214,1
606346215,1
606346237,1
606346240,1
606346241,1
606346242,1
606346246,1
606391004,1
606391024,1
606391029,1
606391042,1
606391102,1
606391107,1
606391113,1
606391118,1
606391129,1
606391148,1
606391208,1
606391221,1
606391250,1
606391316,1
606391336,1
606391338,1
606391419,1
606391429,1
606391448,1
606391515,1
606391521,1
606391719,1
606391935,1
606392055,1
606392219,1
606392230,1
606392305,1
606392323,1
606392326,1
606392335,1
606392403,1
606392407,1
606392411,1
606392602,1
606392606,1
606392612,1
606392624,1
606392648,1
606392808,1
606392829,1
606392938,1
606393272,1
606393843,1
606393862,1
606394006,1
606394024,1
606394104,1
606394118,1
606394911,1
606411301,1
606411306,1
606411307,1
606411309,1
606411314,1
606411333,1
606411335,1
606411337,1
606411341,1
606411400,1
606411404,1
606411411,1
606411413,1
606411422,1
606411423,1
606411428,1
606411433,1
606411434,1
606411437,1
606411439,1
606411440,1
606411453,1
606411454,1
606411455,1
606411456,1
606411460,1
606411462,1
606411465,1
606411513,1
606411515,1
606411517,1
606411518,1
606411528,1
606411531,1
606411618,1
606411619,1
606411621,1
606411625,1
606411627,1
606411630,1
606411633,1
606411635,1
606411641,1
606411651,1
606411659,1
606411662,1
606411674,1
606411692,1
606411706,1
606411714,1
606411717,1
606411729,1
606411732,1
606411735,1
606411739,1
606411740,1
606411804,1
606411818,1
606411826,1
606411832,1
606411833,1
606411840,1
606411892,1
606411910,1
606411926,1
606412007,1
606412016,1
606412019,1
606412020,1
606412114,1
606412121,1
606412143,1
606412314,1
606412407,1
606412471,1
606412516,1
606412517,1
606412523,1
606412528,1
606412530,1
606412532,1
606412536,1
606412547,1
606412548,1
606412556,1
606412560,1
606412596,1
606412604,1
606412606,1
606412623,1
606412625,1
606412627,1
606412631,1
606412638,1
606412687,1
606412703,1
606412709,1
606412712,1
606412716,1
606412819,1
606412824,1
606412825,1
606412850,1
606412935,1
606413142,1
606413203,1
606413213,1
606413216,1
606413219,1
606413225,1
606413226,1
606413227,1
606413228,1
606413229,1
606413231,1
606413233,1
606413237,1
606413244,1
606413274,1
606413277,1
606413309,1
606413310,1
606413312,1
606413330,1
606413331,1
606413332,1
606413333,1
606413336,1
606413347,1
606413348,1
606413353,1
606413356,1
606413402,1
606413423,1
606413424,1
606413428,1
606413453,1
606413501,1
606413510,1
606413512,1
606413517,1
606413545,1
606413583,1
606413622,1
606413638,1
606413718,1
606413817,1
606413908,1
606413916,1
606413928,1
606413940,1
606413994,1
606414031,1
606414103,1
606414117,1
606414122,1
606414137,1
606414138,1
606414142,1
606414143,1
606414205,1
606414327,1
606414330,1
606414438,1
606414501,1
606414512,1
606414626,1
606414666,1
606414810,1
606414819,1
606414820,1
606414838,1
606414907,1
606414910,1
606414913,1
606414945,1
606414954,1
606415028,1
606415034,1
606415046,1
606415047,1
606415048,1
606415121,1
606415155,1
606415217,1
606415229,1
606415259,1
606415318,1
606415329,1
606415336,1
606441819,1
606442434,1
606461007,1
606461016,1
606461034,1
606461036,1
606461050,1
606461114,1
606461120,1
606461121,1
606461127,1
606461137,1
606461220,1
606461226,1
606461253,1
606461257,1
606461263,1
606461275,1
606461306,1
606461308,1
606461312,1
606461322,1
606461325,1
606461327,1
606461329,1
606461338,1
606461409,1
606461410,1
606461420,1
606461423,1
606461509,1
606461522,1
606461532,1
606462703,1
606462705,1
606462707,1
606462713,1
606462716,1
606462723,1
606462724,1
606462727,1
606462729,1
606462745,1
606462764,1
606462810,1
606462822,1
606462833,1
606462841,1
606462903,1
606463002,1
606463042,1
606463604,1
606463605,1
606463610,1
606463611,1
606463614,1
606463615,1
606463617,1
606463618,1
606463624,1
606463630,1
606463634,1
606463641,1
606463701,1
606463703,1
606463706,1
606463708,1
606463711,1
606463714,1
606463719,1
606463722,1
606463724,1
606463728,1
606463786,1
606463788,1
606463805,1
606463806,1
606463816,1
606463817,1
606463901,1
606463905,1
606463906,1
606463907,1
606463908,1
606463911,1
606463918,1
606463919,1
606463923,1
606464009,1
606464012,1
606464017,1
606464118,1
606464128,1
606464142,1
606464304,1
606464601,1
606464603,1
606464604,1
606464605,1
606464615,1
606464616,1
606464619,1
606464621,1
606464623,1
606464703,1
606464713,1
606464722,1
606464724,1
606464791,1
606464821,1
606464829,1
606465304,1
606465307,1
606465309,1
606465314,1
606465315,1
606465318,1
606465319,1
606465328,1
606465337,1
606465338,1
606465347,1
606465360,1
606465364,1
606465408,1
606465413,1
606465418,1
606465419,1
606465424,1
606465442,1
606465444,1
606465507,1
606465514,1
606465516,1
606465525,1
606465539,1
606465542,1
606465574,1
606465576,1
606465713,1
606465803,1
606465922,1
606466100,1
606466103,1
606466108,1
606466110,1
606466111,1
606466114,1
606466124,1
606466126,1
606466127,1
606466131,1
606466134,1
606466146,1
606466155,1
606466203,1
606466210,1
606466212,1
606466215,1
606466216,1
606466217,1
606466218,1
606466220,1
606466225,1
606466226,1
606466237,1
606466300,1
606466307,1
606466308,1
606466310,1
606466311,1
606466324,1
606466329,1
606466337,1
606466400,1
606466410,1
606466411,1
606466419,1
606466421,1
606466425,1
606466426,1
606466427,1
606466437,1
606466457,1
606466506,1
606466514,1
606466518,1
606466525,1
606466529,1
606466530,1
606466537,1
606466609,1
606466627,1
606466632,1
606471261,1
606471401,1
606472312,1
606511002,1
606511358,1
606512635,1
606553516,1
606561011,1
606561100,1
606561212,1
606561229,1
606561230,1
606561237,1
606561238,1
606561246,1
606561249,1
606561252,1
606561264,1
606561265,1
606561266,1
606561269,1
606561272,1
606561275,1
606561284,1
606561291,1
606561295,1
606561298,1
606561316,1
606561317,1
606561318,1
606561319,1
606561320,1
606561334,1
606561335,1
606561345,1
606561346,1
606561349,1
606561350,1
606561353,1
606561357,1
606561362,1
606561378,1
606561383,1
606561401,1
606561409,1
606561412,1
606561420,1
606561431,1
606561433,1
606561437,1
606561438,1
606561441,1
606561453,1
606561471,1
606561476,1
606561477,1
606561482,1
606561484,1
606561489,1
606561490,1
606561491,1
606561492,1
606561496,1
606561512,1
606561521,1
606561526,1
606561533,1
606561537,1
606561543,1
606561548,1
606561554,1
606561556,1
606561559,1
606561578,1
606561583,1
606561584,1
606561585,1
606561592,1
606561593,1
606561597,1
606561603,1
606561609,1
606561611,1
606561624,1
606561625,1
606561626,1
606561628,1
606561630,1
606561632,1
606561633,1
606561641,1
606561643,1
606561652,1
606561657,1
606561679,1
606561680,1
606561683,1
606561703,1
606561709,1
606561711,1
606561712,1
606561713,1
606561714,1
606561717,1
606561718,1
606561719,1
606561728,1
606561731,1
606561734,1
606561738,1
606561743,1
606561749,1
606561760,1
606561764,1
606561770,1
606561771,1
606561800,1
606561801,1
606561803,1
606561804,1
606561805,1
606561806,1
606561808,1
606561809,1
606561810,1
606561812,1
606561817,1
606561818,1
606561819,1
606561820,1
606561827,1
606561831,1
606561832,1
606561833,1
606561838,1
606561840,1
606561842,1
606561846,1
606561847,1
606561855,1
606561858,1
606561868,1
606561881,1
606561884,1
606561903,1
606561904,1
606561910,1
606561912,1
606561914,1
606561916,1
606561917,1
606561933,1
606561935,1
606561941,1
606561945,1
606561946,1
606561952,1
606561955,1
606561957,1
606561959,1
606561965,1
606561967,1
606561969,1
606561972,1
606561976,1
606561977,1
606562004,1
606562007,1
606562012,1
606562018,1
606562023,1
606562027,1
606562028,1
606562030,1
606562036,1
606562039,1
606562040,1
606562041,1
606562042,1
606562044,1
606562052,1
606562059,1
606562060,1
606562066,1
606562067,1
606562072,1
606562106,1
606562110,1
606562111,1
606562113,1
606562120,1
606562124,1
606562125,1
606562126,1
606562130,1
606562135,1
606562136,1
606562137,1
606562139,1
606562151,1
606562155,1
606562157,1
606562158,1
606562159,1
606562165,1
606562170,1
606562171,1
606562204,1
606562205,1
606562206,1
606562207,1
606562210,1
606562214,1
606562216,1
606562220,1
606562222,1
606562223,1
606562232,1
606562240,1
606562245,1
606562247,1
606562251,1
606562261,1
606562264,1
606562265,1
606562300,1
606562311,1
606562312,1
606562314,1
606562318,1
606562322,1
606562324,1
606562328,1
606562330,1
606562335,1
606562336,1
606562338,1
606562339,1
606562341,1
606562342,1
606562346,1
606562351,1
606562355,1
606562356,1
606562357,1
606562358,1
606562383,1
606562400,1
606562412,1
606562414,1
606562416,1
606562417,1
606562419,1
606562420,1
606562421,1
606562422,1
606562424,1
606562425,1
606562431,1
606562434,1
606562449,1
606562451,1
606562455,1
606562457,1
606562461,1
606562472,1
606562493,1
606562549,1
606562566,1
606562569,1
606562572,1
606562582,1
606562583,1
606562590,1
606562595,1
606562689,1
606562706,1
606562720,1
606562721,1
606562722,1
606562725,1
606562728,1
606562731,1
606562732,1
606562742,1
606562756,1
606562757,1
606562759,1
606562760,1
606562762,1
606562775,1
606562783,1
606562785,1
606562788,1
606562836,1
606562840,1
606562846,1
606562855,1
606562859,1
606562862,1
606562872,1
606562878,1
606562879,1
606562885,1
606562917,1
606562918,1
606562920,1
606562925,1
606562926,1
606562927,1
606562932,1
606562940,1
606562942,1
606562945,1
606562956,1
606562958,1
606562971,1
606562976,1
606562981,1
606562983,1
606563007,1
606563009,1
606563011,1
606563013,1
606563018,1
606563022,1
606563026,1
606563030,1
606563031,1
606563032,1
606563034,1
606563038,1
606563040,1
606563048,1
606563050,1
606563054,1
606563058,1
606563060,1
606563061,1
606563064,1
606563065,1
606563066,1
606563068,1
606563072,1
606563074,1
606563078,1
606563080,1
606563084,1
606563087,1
606563090,1
606563091,1
606563096,1
606563109,1
606563136,1
606563137,1
606563314,1
606563446,1
606563602,1
606563603,1
606563605,1
606563607,1
606563618,1
606563620,1
606563628,1
606563635,1
606563687,1
606563704,1
606563706,1
606563707,1
606563719,1
606563720,1
606563724,1
606563725,1
606563728,1
606563729,1
606563733,1
606563734,1
606563737,1
606563741,1
606563742,1
606563746,1
606563748,1
606563749,1
606563751,1
606563756,1
606563757,1
606563759,1
606563760,1
606563818,1
606563819,1
606563820,1
606563914,1
606563918,1
606563924,1
606564001,1
606564005,1
606564006,1
606564013,1
606564015,1
606564016,1
606564022,1
606564027,1
606564031,1
606564032,1
606564033,1
606564112,1
606564113,1
606564118,1
606564119,1
606564124,1
606564127,1
606564132,1
606564136,1
606564140,1
606564145,1
606564150,1
606564158,1
606564192,1
606564212,1
606564213,1
606564216,1
606564218,1
606564222,1
606564232,1
606564233,1
606564252,1
606564259,1
606564264,1
606564271,1
606564273,1
606564278,1
606564279,1
606564281,1
606564294,1
606564611,1
606564613,1
606564617,1
606564619,1
606564620,1
606564625,1
606564629,1
606564633,1
606564635,1
606564637,1
606564648,1
606564649,1
606564651,1
606564657,1
606564659,1
606564665,1
606564667,1
606564747,1
606564758,1
606564814,1
606564908,1
606564909,1
606564913,1
606564914,1
606564916,1
606564919,1
606565101,1
606565301,1
606574604,1
606593681,1
606594419,1
606595033,1
606595066,1
606666600,1
607061000,1
607061003,1
607061005,1
607061011,1
607061014,1
607061048,1
607061050,1
607061051,1
607061053,1
607061101,1
607061108,1
607061109,1
607061110,1
607061119,1
607061122,1
607061127,1
607061128,1
607061131,1
607061138,1
607061139,1
607061141,1
607061143,1
607061148,1
607061150,1
607061155,1
607061159,1
607061209,1
607061244,1
607061304,1
607061305,1
607061307,1
607061308,1
607061313,1
607061314,1
607061316,1
607061317,1
607061327,1
607061372,1
607061393,1
607061460,1
607061705,1
607062102,1
607062111,1
607062600,1
607062602,1
607062704,1
607062717,1
607062770,1
607062772,1
607062802,1
607062808,1
607062824,1
607062873,1
607062876,1
607062879,1
607062901,1
607062903,1
607062906,1
607062907,1
607062909,1
607062917,1
607062921,1
607062923,1
607062930,1
607062938,1
607062939,1
607062950,1
607062952,1
607062959,1
607062966,1
607063000,1
607063012,1
607063013,1
607063023,1
607063031,1
607063038,1
607063044,1
607063045,1
607063049,1
607063105,1
607063106,1
607063109,1
607063115,1
607063116,1
607063132,1
607063141,1
607063142,1
607063143,1
607063144,1
607063145,1
607063157,1
607063159,1
607063163,1
607063201,1
607063203,1
607063205,1
607063220,1
607063223,1
607063224,1
607063235,1
607063242,1
607063249,1
607063253,1
607063270,1
607063281,1
607063282,1
607063286,1
607063290,1
607063303,1
607063306,1
607063308,1
607063309,1
607063310,1
607063313,1
607063324,1
607063325,1
607063334,1
607063340,1
607063341,1
607063347,1
607063348,1
607063349,1
607063354,1
607063358,1
607063362,1
607063364,1
607063366,1
607063406,1
607063415,1
607063422,1
607063424,1
607063425,1
607063429,1
607063430,1
607063432,1
607063434,1
607063437,1
607063438,1
607063439,1
607063441,1
607063442,1
607063443,1
607063444,1
607063446,1
607063456,1
607063459,1
607063463,1
607063467,1
607063471,1
607063473,1
607063481,1
607063492,1
607063496,1
607063504,1
607063507,1
607063519,1
607063523,1
607063524,1
607063528,1
607063529,1
607063537,1
607063538,1
607063540,1
607063544,1
607063548,1
607063552,1
607063555,1
607063558,1
607063561,1
607063562,1
607063563,1
607063566,1
607063567,1
607063568,1
607063602,1
607063617,1
607063625,1
607063626,1
607063628,1
607063630,1
607063632,1
607063800,1
607063805,1
607063808,1
607063815,1
607063833,1
607063841,1
607063843,1
607063845,1
607063846,1
607063849,1
607063856,1
607063859,1
607063864,1
607063868,1
607063869,1
607063871,1
607063874,1
607063890,1
607063891,1
607063896,1
607063903,1
607063907,1
607063909,1
607063912,1
607063925,1
607063927,1
607063931,1
607063935,1
607063938,1
607063939,1
607063941,1
607063942,1
607063947,1
607063952,1
607063962,1
607063963,1
607063970,1
607063971,1
607064015,1
607064024,1
607064027,1
607064029,1
607064036,1
607064052,1
607064070,1
607064071,1
607064204,1
607064210,1
607064212,1
607064277,1
607064278,1
607064301,1
607064305,1
607064306,1
607064307,1
607064308,1
607064311,1
607064315,1
607064325,1
607064328,1
607064336,1
607064337,1
607064338,1
607064340,1
607064346,1
607064403,1
607064405,1
607064407,1
607064409,1
607064415,1
607064418,1
607064419,1
607064420,1
607064423,1
607064424,1
607064429,1
607064433,1
607064435,1
607064440,1
607064452,1
607064459,1
607064480,1
607064508,1
607064511,1
607064512,1
607064516,1
607064518,1
607064527,1
607064529,1
607064534,1
607064539,1
607064604,1
607064606,1
607064610,1
607064611,1
607064612,1
607064614,1
607064615,1
607064616,1
607064618,1
607064619,1
607064621,1
607064622,1
607064624,1
607064625,1
607064632,1
607064633,1
607064634,1
607064658,1
607064700,1
607064712,1
607064713,1
607064714,1
607064716,1
607064726,1
607064730,1
607064731,1
607064733,1
607064739,1
607064741,1
607064784,1
607064802,1
607064803,1
607064804,1
607064816,1
607064817,1
607064818,1
607064822,1
607064825,1
607064826,1
607064830,1
607064833,1
607064836,1
607064842,1
607064843,1
607064844,1
607064851,1
607064853,1
607064856,1
607064859,1
607064878,1
607064883,1
607064884,1
607064885,1
607064904,1
607064906,1
607064910,1
607064922,1
607064923,1
607064926,1
607064935,1
607064941,1
607064944,1
607064951,1
607065000,1
607066310,1
607066319,1
607067100,1
607067102,1
607067104,1
607067112,1
607067123,1
607067159,1
607067162,1
607067170,1
607067171,1
607067176,1
607067177,1
607067180,1
607067181,1
607067183,1
607067184,1
607067188,1
607067190,1
607067192,1
607067194,1
607067223,1
607067239,1
607067240,1
607067302,1
607067304,1
607071017,1
607071018,1
607071024,1
607071034,1
607071039,1
607071041,1
607071101,1
607071106,1
607071109,1
607071111,1
607071115,1
607071116,1
607071122,1
607071129,1
607071130,1
607071134,1
607071135,1
607071137,1
607071138,1
607071139,1
607071204,1
607071207,1
607071208,1
607071213,1
607071215,1
607071217,1
607071218,1
607071226,1
607071228,1
607071234,1
607071235,1
607071237,1
607071240,1
607071245,1
607071250,1
607071293,1
607071306,1
607071307,1
607071310,1
607071318,1
607071322,1
607071324,1
607071331,1
607071334,1
607071342,1
607071352,1
607071355,1
607071402,1
607071403,1
607071404,1
607071406,1
607071407,1
607071409,1
607071411,1
607071412,1
607071422,1
607071424,1
607071427,1
607071429,1
607071430,1
607071433,1
607071435,1
607071443,1
607071462,1
607071469,1
607071500,1
607071507,1
607071509,1
607071511,1
607071512,1
607071515,1
607071519,1
607071528,1
607071536,1
607071541,1
607071545,1
607071550,1
607071570,1
607071574,1
607071584,1
607071606,1
607071607,1
607071624,1
607071656,1
607071660,1
607071712,1
607071724,1
607071725,1
607071727,1
607071729,1
607071733,1
607071740,1
607071742,1
607071753,1
607071756,1
607071775,1
607071777,1
607071781,1
607071795,1
607071817,1
607071820,1
607071858,1
607071903,1
607071911,1
607071918,1
607071928,1
607071933,1
607071940,1
607071941,1
607071942,1
607071961,1
607071979,1
607072015,1
607072018,1
607072024,1
607072027,1
607072046,1
607072048,1
607072110,1
607072113,1
607072123,1
607072212,1
607072244,1
607072248,1
607072301,1
607072414,1
607072420,1
607072436,1
607072512,1
607072542,1
607072554,1
607072604,1
607072608,1
607072610,1
607072611,1
607072629,1
607072630,1
607072703,1
607072721,1
607072722,1
607072725,1
607072727,1
607072732,1
607072740,1
607072751,1
607072752,1
607072765,1
607072805,1
607072818,1
607072820,1
607072826,1
607072838,1
607072931,1
607072955,1
607073006,1
607073019,1
607073029,1
607073038,1
607073048,1
607073103,1
607073108,1
607073109,1
607073112,1
607073129,1
607073172,1
607073189,1
607073219,1
607073220,1
607073237,1
607073275,1
607073279,1
607073282,1
607073284,1
607073301,1
607073323,1
607073333,1
607073355,1
607073423,1
607073468,1
607073550,1
607073602,1
607073620,1
607073708,1
607073813,1
607073900,1
607073933,1
607074131,1
607074132,1
607074150,1
607074175,1
607074220,1
607074223,1
607074501,1
607074505,1
607122112,1
607141113,1
607141116,1
607141137,1
607141156,1
607141203,1
607141209,1
607141309,1
607141358,1
607141419,1
607141425,1
607141445,1
607141511,1
607141616,1
607141707,1
607141719,1
607141755,1
607141760,1
607141781,1
607141845,1
607141870,1
607141939,1
607141948,1
607141958,1
607141967,1
607142010,1
607142023,1
607142030,1
607142074,1
607142210,1
607142214,1
607142242,1
607142249,1
607142306,1
607142324,1
607142343,1
607142416,1
607142509,1
607142517,1
607142535,1
607142569,1
607142575,1
607142623,1
607142627,1
607142835,1
607142843,1
607142907,1
607142911,1
607142943,1
607142948,1
607142953,1
607143022,1
607143041,1
607143051,1
607143106,1
607143120,1
607143135,1
607143140,1
607143159,1
607143161,1
607143207,1
607143213,1
607143245,1
607143310,1
607143311,1
607143313,1
607143331,1
607143332,1
607143350,1
607143356,1
607143359,1
607143362,1
607143363,1
607143365,1
607143396,1
607143618,1
607143621,1
607143714,1
607143719,1
607143721,1
607143731,1
607143733,1
607143758,1
607143772,1
607143800,1
607143818,1
607143820,1
607143821,1
607144024,1
607144027,1
607144309,1
607144324,1
607144335,1
607144387,1
607144403,1
607144410,1
607144416,1
607144418,1
607144419,1
607144435,1
607144436,1
607144442,1
607144446,1
607144454,1
607144462,1
607144476,1
607144512,1
607144515,1
607144516,1
607144520,1
607144532,1
607144534,1
607144546,1
607144557,1
607144567,1
607144587,1
607144591,1
607144621,1
607144638,1
607144710,1
607144735,1
607144738,1
607144745,1
607145318,1
607145427,1
607145709,1
607145710,1
607145718,1
607145821,1
607145826,1
