True,S,1,RSXM,100.248073073554,,,2,LIMIT,0,522,,0,6/3/2013 8:14:26 PM
True,B,1,RSXM,109.872032842683,,,3,LIMIT,0,406,,0,6/3/2013 8:14:27 PM
True,B,1,RSXM,93.1168799252796,,,4,LIMIT,0,908,,0,6/3/2013 8:14:27 PM
True,S,1,RSXM,93.0591865761766,,,5,MARKET,0,556,,0,6/3/2013 8:14:27 PM
True,B,1,RSXM,115.873152318243,,,6,LIMIT,0,870,,0,6/3/2013 8:14:27 PM
True,S,1,RSXM,90.5769194438007,,,7,MARKET,0,588,,0,6/3/2013 8:14:27 PM
True,B,1,RSXM,99.3576879375531,,,8,STOP,0,181,,0,6/3/2013 8:14:27 PM
True,B,1,RSXM,104.294699642627,,,9,STOP,0,454,,0,6/3/2013 8:14:27 PM
True,S,1,RSXM,76.5031795194507,,,10,LIMIT,0,736,,0,6/3/2013 8:14:27 PM
True,S,1,RSXM,113.252662253775,,,11,LIMIT,0,377,,0,6/3/2013 8:14:27 PM
True,S,1,RSXM,102.001726424447,,,12,LIMIT,0,348,,0,6/3/2013 8:14:27 PM
True,S,1,RSXM,102.373116189571,,,13,LIMIT,0,209,,0,6/3/2013 8:14:27 PM
True,S,1,RSXM,82.3355045421911,,,14,LIMIT,0,172,,0,6/3/2013 8:14:27 PM
True,B,1,RSXM,94.7018970573965,,,15,MARKET,0,844,,0,6/3/2013 8:14:27 PM
True,S,1,RSXM,101.999623029652,,,16,LIMIT,0,590,,0,6/3/2013 8:14:28 PM
True,B,1,RSXM,80.7288795772617,,,17,MARKET,0,943,,0,6/3/2013 8:14:28 PM
True,S,1,RSXM,97.2990806976418,,,18,LIMIT,0,220,,0,6/3/2013 8:14:28 PM
True,B,1,RSXM,98.2601491473241,,,19,LIMIT,0,616,,0,6/3/2013 8:14:28 PM
True,S,1,RSXM,97.1022129386038,,,20,LIMIT,0,480,,0,6/3/2013 8:14:28 PM
True,S,1,RSXM,98.001189804892,,,21,LIMIT,0,747,,0,6/3/2013 8:14:28 PM
True,S,1,RSXM,95.0591170179673,,,22,LIMIT,0,41,,0,6/3/2013 8:14:28 PM
True,S,1,RSXM,104.058125978876,,,23,LIMIT,0,1,,0,6/3/2013 8:14:28 PM
True,B,1,RSXM,101.906171766306,,,24,LIMIT,0,432,,0,6/3/2013 8:14:28 PM
True,S,1,RSXM,124.15513120116,,,25,LIMIT,0,627,,0,6/3/2013 8:14:28 PM
True,B,1,RSXM,78.9478675337108,,,26,LIMIT,0,748,,0,6/3/2013 8:14:29 PM
True,B,1,RSXM,97.5145640773385,,,27,LIMIT,0,985,,0,6/3/2013 8:14:29 PM
True,B,1,RSXM,85.2224648946276,,,28,STOP,0,850,,0,6/3/2013 8:14:29 PM
True,S,1,RSXM,97.3259755440946,,,29,MARKET,0,990,,0,6/3/2013 8:14:29 PM
True,S,1,RSXM,85.8010556035599,,,30,LIMIT,0,725,,0,6/3/2013 8:14:29 PM
True,S,1,RSXM,95.8398514089852,,,31,MARKET,0,182,,0,6/3/2013 8:14:29 PM
True,B,1,RSXM,92.6977864030345,,,32,LIMIT,0,778,,0,6/3/2013 8:14:29 PM
True,B,1,RSXM,94.5366856694905,,,33,LIMIT,0,56,,0,6/3/2013 8:14:29 PM
True,S,1,RSXM,105.688105623259,,,34,LIMIT,0,735,,0,6/3/2013 8:14:29 PM
True,B,1,RSXM,85.5261559809951,,,35,LIMIT,0,199,,0,6/3/2013 8:14:29 PM
True,B,1,RSXM,95.0878225966444,,,36,LIMIT,0,488,,0,6/3/2013 8:14:30 PM
True,S,1,RSXM,109.666586636747,,,37,STOP,0,189,,0,6/3/2013 8:14:30 PM
True,S,1,RSXM,95.8459008454963,,,38,STOP,0,863,,0,6/3/2013 8:14:30 PM
True,B,1,RSXM,97.5187887518023,,,39,STOP,0,506,,0,6/3/2013 8:14:30 PM
True,S,1,RSXM,95.4819353568868,,,40,LIMIT,0,576,,0,6/3/2013 8:14:30 PM
True,S,1,RSXM,103.933351399854,,,41,MARKET,0,601,,0,6/3/2013 8:14:30 PM
True,B,1,RSXM,97.0740128927832,,,42,LIMIT,0,452,,0,6/3/2013 8:14:30 PM
True,S,1,RSXM,100.908853688332,,,43,LIMIT,0,178,,0,6/3/2013 8:14:30 PM
True,B,1,RSXM,92.8307487506774,,,44,LIMIT,0,731,,0,6/3/2013 8:14:30 PM
True,S,1,RSXM,100.427452964574,,,45,STOP,0,958,,0,6/3/2013 8:14:30 PM
True,S,1,RSXM,96.6013347253092,,,46,LIMIT,0,770,,0,6/3/2013 8:14:31 PM
True,B,1,RSXM,94.4967021305706,,,47,STOP,0,573,,0,6/3/2013 8:14:31 PM
True,B,1,RSXM,110.208999055445,,,48,MARKET,0,450,,0,6/3/2013 8:14:31 PM
True,S,1,RSXM,99.7141494636131,,,49,LIMIT,0,270,,0,6/3/2013 8:14:31 PM
True,B,1,RSXM,106.43970690393,,,50,STOP,0,132,,0,6/3/2013 8:14:31 PM
True,B,1,RSXM,92.3310872612974,,,51,LIMIT,0,372,,0,6/3/2013 8:14:31 PM
True,S,1,RSXM,101.961681285033,,,52,LIMIT,0,771,,0,6/3/2013 8:14:31 PM
True,B,1,RSXM,104.553731192741,,,53,MARKET,0,174,,0,6/3/2013 8:14:31 PM
True,S,1,RSXM,85.8367938364518,,,54,MARKET,0,234,,0,6/3/2013 8:14:31 PM
True,B,1,RSXM,104.335534838096,,,55,LIMIT,0,651,,0,6/3/2013 8:14:31 PM
True,B,1,RSXM,102.554071477303,,,56,MARKET,0,253,,0,6/3/2013 8:14:32 PM
True,B,1,RSXM,110.015607091221,,,57,LIMIT,0,590,,0,6/3/2013 8:14:32 PM
True,B,1,RSXM,100.696771355992,,,58,LIMIT,0,909,,0,6/3/2013 8:14:32 PM
True,S,1,RSXM,89.506735544553,,,59,LIMIT,0,234,,0,6/3/2013 8:14:32 PM
True,B,1,RSXM,89.6284185368224,,,60,LIMIT,0,110,,0,6/3/2013 8:14:32 PM
True,B,1,RSXM,118.594510014276,,,61,STOP,0,457,,0,6/3/2013 8:14:32 PM
True,B,1,RSXM,112.003537758423,,,62,LIMIT,0,817,,0,6/3/2013 8:14:32 PM
True,B,1,RSXM,103.612838222005,,,63,LIMIT,0,931,,0,6/3/2013 8:14:32 PM
True,S,1,RSXM,101.11077625574,,,64,MARKET,0,512,,0,6/3/2013 8:14:32 PM
True,B,1,RSXM,93.9898797969522,,,65,LIMIT,0,824,,0,6/3/2013 8:14:33 PM
True,S,1,RSXM,116.763121633739,,,66,LIMIT,0,428,,0,6/3/2013 8:14:33 PM
True,S,1,RSXM,101.058252018903,,,67,MARKET,0,154,,0,6/3/2013 8:14:33 PM
True,S,1,RSXM,111.056261973576,,,68,LIMIT,0,990,,0,6/3/2013 8:14:33 PM
True,B,1,RSXM,109.268982152016,,,69,LIMIT,0,606,,0,6/3/2013 8:14:33 PM
True,B,1,RSXM,109.160289358168,,,70,STOP,0,617,,0,6/3/2013 8:14:33 PM
True,S,1,RSXM,91.5350740783335,,,71,LIMIT,0,996,,0,6/3/2013 8:14:33 PM
True,B,1,RSXM,90.0014865862163,,,72,MARKET,0,490,,0,6/3/2013 8:14:33 PM
True,B,1,RSXM,106.574522925211,,,73,LIMIT,0,994,,0,6/3/2013 8:14:33 PM
True,B,1,RSXM,97.1062572518464,,,74,LIMIT,0,873,,0,6/3/2013 8:14:33 PM
True,S,1,RSXM,93.9083637218001,,,75,LIMIT,0,775,,0,6/3/2013 8:14:34 PM
True,S,1,RSXM,99.5672296535538,,,76,LIMIT,0,894,,0,6/3/2013 8:14:34 PM
True,B,1,RSXM,90.9732842908066,,,77,LIMIT,0,626,,0,6/3/2013 8:14:34 PM
True,S,1,RSXM,99.6478216413734,,,78,STOP,0,776,,0,6/3/2013 8:14:34 PM
True,B,1,RSXM,94.8780668708381,,,79,LIMIT,0,316,,0,6/3/2013 8:14:34 PM
True,S,1,RSXM,105.864875726942,,,80,LIMIT,0,605,,0,6/3/2013 8:14:34 PM
True,S,1,RSXM,96.2013918818984,,,81,LIMIT,0,864,,0,6/3/2013 8:14:34 PM
True,S,1,RSXM,99.2337445376481,,,82,MARKET,0,795,,0,6/3/2013 8:14:34 PM
True,B,1,RSXM,106.659446393245,,,83,LIMIT,0,787,,0,6/3/2013 8:14:34 PM
True,S,1,RSXM,112.569319369159,,,84,STOP,0,980,,0,6/3/2013 8:14:34 PM
True,B,1,RSXM,97.9381733825347,,,85,LIMIT,0,282,,0,6/3/2013 8:14:35 PM
True,B,1,RSXM,101.382675436546,,,86,MARKET,0,957,,0,6/3/2013 8:14:35 PM
True,S,1,RSXM,103.663593412389,,,87,MARKET,0,443,,0,6/3/2013 8:14:35 PM
True,B,1,RSXM,111.372111338804,,,88,MARKET,0,402,,0,6/3/2013 8:14:35 PM
True,B,1,RSXM,106.806695551809,,,89,LIMIT,0,806,,0,6/3/2013 8:14:35 PM
True,B,1,RSXM,107.101225702415,,,90,MARKET,0,82,,0,6/3/2013 8:14:35 PM
True,B,1,RSXM,93.2004718120858,,,91,MARKET,0,766,,0,6/3/2013 8:14:35 PM
True,S,1,RSXM,109.922290644153,,,92,MARKET,0,491,,0,6/3/2013 8:14:35 PM
True,B,1,RSXM,103.372804362931,,,93,LIMIT,0,521,,0,6/3/2013 8:14:35 PM
True,B,1,RSXM,95.1528496491895,,,94,LIMIT,0,757,,0,6/3/2013 8:14:35 PM
True,S,1,RSXM,98.1132094957707,,,95,LIMIT,0,329,,0,6/3/2013 8:14:36 PM
True,S,1,RSXM,98.3522760110973,,,96,LIMIT,0,894,,0,6/3/2013 8:14:36 PM
True,B,1,RSXM,106.008343248956,,,97,LIMIT,0,698,,0,6/3/2013 8:14:36 PM
True,S,1,RSXM,90.390632982083,,,98,LIMIT,0,19,,0,6/3/2013 8:14:36 PM
True,S,1,RSXM,100.816808254314,,,99,LIMIT,0,149,,0,6/3/2013 8:14:36 PM
True,S,1,RSXM,101.143336474991,,,100,MARKET,0,795,,0,6/3/2013 8:14:36 PM
True,S,1,RSXM,90.1403088358061,,,101,LIMIT,0,853,,0,6/3/2013 8:14:36 PM
True,S,1,RSXM,97.0092320735494,,,102,LIMIT,0,626,,0,6/3/2013 8:14:36 PM
True,B,1,RSXM,94.4857604841189,,,103,LIMIT,0,699,,0,6/3/2013 8:14:36 PM
True,B,1,RSXM,110.098346205699,,,104,MARKET,0,572,,0,6/3/2013 8:14:36 PM
True,B,1,RSXM,100.479880618566,,,105,MARKET,0,269,,0,6/3/2013 8:14:37 PM
True,S,1,RSXM,96.8037171164677,,,106,LIMIT,0,978,,0,6/3/2013 8:14:37 PM
True,B,1,RSXM,101.116476378871,,,107,LIMIT,0,542,,0,6/3/2013 8:14:37 PM
True,B,1,RSXM,86.0165072009302,,,108,LIMIT,0,735,,0,6/3/2013 8:14:37 PM
True,B,1,RSXM,99.7005578878522,,,109,LIMIT,0,728,,0,6/3/2013 8:14:37 PM
True,B,1,RSXM,90.2769746490751,,,110,LIMIT,0,17,,0,6/3/2013 8:14:37 PM
True,S,1,RSXM,71.0958524455792,,,111,LIMIT,0,112,,0,6/3/2013 8:14:37 PM
True,B,1,RSXM,108.270032255322,,,112,STOP,0,197,,0,6/3/2013 8:14:37 PM
True,S,1,RSXM,90.3285498589142,,,113,LIMIT,0,813,,0,6/3/2013 8:14:37 PM
True,B,1,RSXM,108.08014039216,,,114,LIMIT,0,832,,0,6/3/2013 8:14:37 PM
True,B,1,RSXM,101.276171609623,,,115,MARKET,0,428,,0,6/3/2013 8:14:38 PM
True,S,1,RSXM,105.100197797218,,,116,LIMIT,0,328,,0,6/3/2013 8:14:38 PM
True,S,1,RSXM,105.143593760794,,,117,MARKET,0,205,,0,6/3/2013 8:14:38 PM
True,S,1,RSXM,98.1510451467993,,,118,MARKET,0,603,,0,6/3/2013 8:14:38 PM
True,S,1,RSXM,85.7668156993363,,,119,MARKET,0,881,,0,6/3/2013 8:14:38 PM
True,B,1,RSXM,104.909860836851,,,120,LIMIT,0,404,,0,6/3/2013 8:14:38 PM
True,S,1,RSXM,84.9113833020415,,,121,LIMIT,0,994,,0,6/3/2013 8:14:38 PM
True,B,1,RSXM,110.42572234177,,,122,LIMIT,0,197,,0,6/3/2013 8:14:38 PM
True,S,1,RSXM,94.6845352180897,,,123,LIMIT,0,823,,0,6/3/2013 8:14:38 PM
True,S,1,RSXM,100.86650050432,,,124,LIMIT,0,88,,0,6/3/2013 8:14:38 PM
True,S,1,RSXM,112.206612173359,,,125,LIMIT,0,948,,0,6/3/2013 8:14:39 PM
True,B,1,RSXM,90.312038244908,,,126,LIMIT,0,133,,0,6/3/2013 8:14:39 PM
True,S,1,RSXM,109.781712690481,,,127,LIMIT,0,323,,0,6/3/2013 8:14:39 PM
True,S,1,RSXM,88.8805184693285,,,128,LIMIT,0,756,,0,6/3/2013 8:14:39 PM
True,S,1,RSXM,89.0237586989724,,,129,LIMIT,0,360,,0,6/3/2013 8:14:39 PM
True,B,1,RSXM,112.684005796354,,,130,LIMIT,0,465,,0,6/3/2013 8:14:39 PM
True,S,1,RSXM,87.1992539905896,,,131,LIMIT,0,820,,0,6/3/2013 8:14:39 PM
True,B,1,RSXM,90.2106129239276,,,132,LIMIT,0,11,,0,6/3/2013 8:14:39 PM
True,B,1,RSXM,93.0208371766416,,,133,LIMIT,0,266,,0,6/3/2013 8:14:39 PM
True,S,1,RSXM,97.2382103891844,,,134,LIMIT,0,875,,0,6/3/2013 8:14:39 PM
True,S,1,RSXM,101.982894396304,,,135,LIMIT,0,499,,0,6/3/2013 8:14:40 PM
True,S,1,RSXM,99.3034060804693,,,136,LIMIT,0,6,,0,6/3/2013 8:14:40 PM
True,S,1,RSXM,90.9241940278392,,,137,LIMIT,0,110,,0,6/3/2013 8:14:40 PM
True,B,1,RSXM,98.3906229327425,,,138,LIMIT,0,532,,0,6/3/2013 8:14:40 PM
True,B,1,RSXM,97.584107321892,,,139,LIMIT,0,633,,0,6/3/2013 8:14:40 PM
True,B,1,RSXM,96.4244253408673,,,140,LIMIT,0,213,,0,6/3/2013 8:14:40 PM
True,S,1,RSXM,92.1298179937604,,,141,LIMIT,0,424,,0,6/3/2013 8:14:40 PM
True,S,1,RSXM,87.4528750933604,,,142,LIMIT,0,671,,0,6/3/2013 8:14:40 PM
True,B,1,RSXM,99.67669861443,,,143,LIMIT,0,893,,0,6/3/2013 8:14:40 PM
True,S,1,RSXM,104.374600335329,,,144,LIMIT,0,599,,0,6/3/2013 8:14:40 PM
True,B,1,RSXM,86.4726533889479,,,145,LIMIT,0,515,,0,6/3/2013 8:14:41 PM
True,S,1,RSXM,95.4097671688317,,,146,MARKET,0,423,,0,6/3/2013 8:14:41 PM
True,B,1,RSXM,98.7039246321066,,,147,LIMIT,0,97,,0,6/3/2013 8:14:41 PM
True,S,1,RSXM,78.9982419750269,,,148,LIMIT,0,572,,0,6/3/2013 8:14:41 PM
True,S,1,RSXM,111.533449600094,,,149,LIMIT,0,147,,0,6/3/2013 8:14:41 PM
True,B,1,RSXM,90.9022701166229,,,150,LIMIT,0,186,,0,6/3/2013 8:14:41 PM
True,B,1,RSXM,96.0693975457396,,,151,LIMIT,0,307,,0,6/3/2013 8:14:41 PM
True,B,1,RSXM,105.892687572222,,,152,LIMIT,0,99,,0,6/3/2013 8:14:41 PM
True,S,1,RSXM,92.8111855307546,,,153,LIMIT,0,520,,0,6/3/2013 8:14:41 PM
True,S,1,RSXM,85.7313140434076,,,154,STOP,0,72,,0,6/3/2013 8:14:41 PM
True,S,1,RSXM,95.4170109205128,,,155,LIMIT,0,35,,0,6/3/2013 8:14:42 PM
True,S,1,RSXM,86.2284377320866,,,156,LIMIT,0,45,,0,6/3/2013 8:14:42 PM
True,S,1,RSXM,105.70031122951,,,157,LIMIT,0,700,,0,6/3/2013 8:14:42 PM
True,B,1,RSXM,108.300482832239,,,158,MARKET,0,844,,0,6/3/2013 8:14:42 PM
True,B,1,RSXM,99.7810580454312,,,159,LIMIT,0,540,,0,6/3/2013 8:14:42 PM
True,B,1,RSXM,101.642136508548,,,160,MARKET,0,207,,0,6/3/2013 8:14:42 PM
True,S,1,RSXM,98.6811133564273,,,161,LIMIT,0,682,,0,6/3/2013 8:14:42 PM
True,S,1,RSXM,100.026280483865,,,162,LIMIT,0,427,,0,6/3/2013 8:14:42 PM
True,S,1,RSXM,101.343570975523,,,163,LIMIT,0,747,,0,6/3/2013 8:14:42 PM
True,S,1,RSXM,114.31572756132,,,164,LIMIT,0,514,,0,6/3/2013 8:14:42 PM
True,B,1,RSXM,99.7133026234867,,,165,LIMIT,0,656,,0,6/3/2013 8:14:43 PM
True,B,1,RSXM,95.7130187125386,,,166,MARKET,0,186,,0,6/3/2013 8:14:43 PM
True,S,1,RSXM,108.08115159128,,,167,MARKET,0,88,,0,6/3/2013 8:14:43 PM
True,S,1,RSXM,93.2610609311817,,,168,LIMIT,0,314,,0,6/3/2013 8:14:43 PM
True,B,1,RSXM,104.630646941933,,,169,LIMIT,0,303,,0,6/3/2013 8:14:43 PM
True,S,1,RSXM,123.555410300261,,,170,LIMIT,0,359,,0,6/3/2013 8:14:43 PM
True,B,1,RSXM,85.5319393296646,,,171,MARKET,0,983,,0,6/3/2013 8:14:43 PM
True,S,1,RSXM,111.33088379682,,,172,LIMIT,0,880,,0,6/3/2013 8:14:43 PM
True,B,1,RSXM,101.734583430785,,,173,LIMIT,0,354,,0,6/3/2013 8:14:43 PM
True,S,1,RSXM,113.29846555367,,,174,LIMIT,0,476,,0,6/3/2013 8:14:43 PM
True,S,1,RSXM,99.6662232564737,,,175,LIMIT,0,421,,0,6/3/2013 8:14:44 PM
True,B,1,RSXM,116.515196297833,,,176,LIMIT,0,671,,0,6/3/2013 8:14:44 PM
True,S,1,RSXM,95.705009086617,,,177,MARKET,0,718,,0,6/3/2013 8:14:44 PM
True,B,1,RSXM,105.211985879995,,,178,LIMIT,0,613,,0,6/3/2013 8:14:44 PM
True,S,1,RSXM,95.756009537454,,,179,MARKET,0,560,,0,6/3/2013 8:14:44 PM
True,B,1,RSXM,97.9890553920057,,,180,MARKET,0,439,,0,6/3/2013 8:14:44 PM
True,B,1,RSXM,105.554578401203,,,181,STOP,0,928,,0,6/3/2013 8:14:44 PM
True,S,1,RSXM,94.2829227310476,,,182,LIMIT,0,56,,0,6/3/2013 8:14:44 PM
True,S,1,RSXM,99.1072707160762,,,183,LIMIT,0,333,,0,6/3/2013 8:14:44 PM
True,S,1,RSXM,115.997125938316,,,184,LIMIT,0,331,,0,6/3/2013 8:14:44 PM
True,B,1,RSXM,92.9859053990309,,,185,LIMIT,0,402,,0,6/3/2013 8:14:45 PM
True,S,1,RSXM,98.9486144368194,,,186,LIMIT,0,743,,0,6/3/2013 8:14:45 PM
True,B,1,RSXM,89.531506893542,,,187,LIMIT,0,116,,0,6/3/2013 8:14:45 PM
True,B,1,RSXM,82.774956489857,,,188,MARKET,0,494,,0,6/3/2013 8:14:45 PM
True,B,1,RSXM,99.0483663537003,,,189,LIMIT,0,866,,0,6/3/2013 8:14:45 PM
True,S,1,RSXM,117.33594829256,,,190,MARKET,0,185,,0,6/3/2013 8:14:45 PM
True,S,1,RSXM,90.7789880127736,,,191,LIMIT,0,536,,0,6/3/2013 8:14:45 PM
True,B,1,RSXM,94.4071996679388,,,192,LIMIT,0,831,,0,6/3/2013 8:14:45 PM
True,B,1,RSXM,93.8060228091981,,,193,MARKET,0,530,,0,6/3/2013 8:14:45 PM
True,B,1,RSXM,104.694855138601,,,194,LIMIT,0,186,,0,6/3/2013 8:14:45 PM
True,B,1,RSXM,115.863995452185,,,195,STOP,0,710,,0,6/3/2013 8:14:46 PM
True,B,1,RSXM,87.2891737665524,,,196,STOP,0,558,,0,6/3/2013 8:14:46 PM
True,S,1,RSXM,83.6870300286767,,,197,LIMIT,0,54,,0,6/3/2013 8:14:46 PM
True,B,1,RSXM,94.1121816251754,,,198,LIMIT,0,552,,0,6/3/2013 8:14:46 PM
True,S,1,RSXM,91.7982805042081,,,199,LIMIT,0,193,,0,6/3/2013 8:14:46 PM
True,B,1,RSXM,90.7315508863084,,,200,LIMIT,0,959,,0,6/3/2013 8:14:46 PM
True,S,1,RSXM,100.641729541991,,,201,LIMIT,0,124,,0,6/3/2013 8:14:46 PM
True,S,1,RSXM,93.9939699580375,,,202,LIMIT,0,810,,0,6/3/2013 8:14:46 PM
True,S,1,RSXM,93.6101273789234,,,203,LIMIT,0,884,,0,6/3/2013 8:14:46 PM
True,S,1,RSXM,94.2727777049924,,,204,LIMIT,0,67,,0,6/3/2013 8:14:46 PM
True,B,1,RSXM,102.151947481376,,,205,MARKET,0,851,,0,6/3/2013 8:14:47 PM
True,B,1,RSXM,99.5506420660954,,,206,LIMIT,0,738,,0,6/3/2013 8:14:47 PM
True,B,1,RSXM,102.720697560645,,,207,MARKET,0,825,,0,6/3/2013 8:14:47 PM
True,S,1,RSXM,109.753229316584,,,208,LIMIT,0,546,,0,6/3/2013 8:14:47 PM
True,B,1,RSXM,89.8867501194203,,,209,LIMIT,0,362,,0,6/3/2013 8:14:47 PM
True,B,1,RSXM,88.4931087123542,,,210,MARKET,0,485,,0,6/3/2013 8:14:47 PM
True,B,1,RSXM,87.0444519064427,,,211,STOP,0,721,,0,6/3/2013 8:14:47 PM
True,B,1,RSXM,102.517142949074,,,212,LIMIT,0,596,,0,6/3/2013 8:14:47 PM
True,B,1,RSXM,105.383678307655,,,213,STOP,0,198,,0,6/3/2013 8:14:47 PM
True,B,1,RSXM,101.29971452666,,,214,LIMIT,0,580,,0,6/3/2013 8:14:47 PM
True,S,1,RSXM,105.788824741911,,,215,MARKET,0,460,,0,6/3/2013 8:14:48 PM
True,S,1,RSXM,99.944208968687,,,216,LIMIT,0,501,,0,6/3/2013 8:14:48 PM
True,B,1,RSXM,98.0353725933433,,,217,LIMIT,0,96,,0,6/3/2013 8:14:48 PM
True,S,1,RSXM,99.6592905344334,,,218,LIMIT,0,114,,0,6/3/2013 8:14:48 PM
True,S,1,RSXM,98.1646888434763,,,219,LIMIT,0,608,,0,6/3/2013 8:14:48 PM
True,B,1,RSXM,95.4266790729184,,,220,LIMIT,0,591,,0,6/3/2013 8:14:48 PM
True,B,1,RSXM,97.2520083046372,,,221,LIMIT,0,633,,0,6/3/2013 8:14:48 PM
True,B,1,RSXM,98.7597387321176,,,222,MARKET,0,393,,0,6/3/2013 8:14:48 PM
True,B,1,RSXM,79.4293846563687,,,223,LIMIT,0,731,,0,6/3/2013 8:14:48 PM
True,B,1,RSXM,93.1494444434978,,,224,STOP,0,758,,0,6/3/2013 8:14:48 PM
True,S,1,RSXM,103.325170651128,,,225,LIMIT,0,229,,0,6/3/2013 8:14:49 PM
True,B,1,RSXM,103.993354637948,,,226,LIMIT,0,682,,0,6/3/2013 8:14:49 PM
True,B,1,RSXM,109.874771809111,,,227,LIMIT,0,330,,0,6/3/2013 8:14:49 PM
True,B,1,RSXM,91.4753954992555,,,228,LIMIT,0,151,,0,6/3/2013 8:14:49 PM
True,S,1,RSXM,83.5936365082062,,,229,MARKET,0,637,,0,6/3/2013 8:14:49 PM
True,B,1,RSXM,95.8471351887833,,,230,LIMIT,0,446,,0,6/3/2013 8:14:49 PM
True,B,1,RSXM,113.274502795062,,,231,LIMIT,0,670,,0,6/3/2013 8:14:49 PM
True,S,1,RSXM,104.609634812805,,,232,LIMIT,0,73,,0,6/3/2013 8:14:49 PM
True,S,1,RSXM,93.6734273259365,,,233,STOP,0,797,,0,6/3/2013 8:14:49 PM
True,B,1,RSXM,112.025432543574,,,234,STOP,0,359,,0,6/3/2013 8:14:49 PM
True,S,1,RSXM,95.0323345083982,,,235,MARKET,0,164,,0,6/3/2013 8:14:50 PM
True,B,1,RSXM,103.098998474391,,,236,LIMIT,0,433,,0,6/3/2013 8:14:50 PM
True,S,1,RSXM,90.3976442601599,,,237,LIMIT,0,659,,0,6/3/2013 8:14:50 PM
True,B,1,RSXM,90.5057906286843,,,238,LIMIT,0,564,,0,6/3/2013 8:14:50 PM
True,B,1,RSXM,82.0781645595584,,,239,LIMIT,0,167,,0,6/3/2013 8:14:50 PM
True,S,1,RSXM,103.744208850976,,,240,MARKET,0,423,,0,6/3/2013 8:14:50 PM
True,B,1,RSXM,106.36159642234,,,241,MARKET,0,421,,0,6/3/2013 8:14:50 PM
True,B,1,RSXM,95.6301781619997,,,242,STOP,0,584,,0,6/3/2013 8:14:50 PM
True,B,1,RSXM,113.779880468179,,,243,LIMIT,0,597,,0,6/3/2013 8:14:50 PM
True,S,1,RSXM,87.7388551140334,,,244,MARKET,0,272,,0,6/3/2013 8:14:50 PM
True,B,1,RSXM,112.083508744464,,,245,MARKET,0,216,,0,6/3/2013 8:14:51 PM
True,B,1,RSXM,76.6655677501021,,,246,MARKET,0,273,,0,6/3/2013 8:14:51 PM
True,S,1,RSXM,82.5121343923286,,,247,LIMIT,0,679,,0,6/3/2013 8:14:51 PM
True,B,1,RSXM,130.377157202775,,,248,LIMIT,0,843,,0,6/3/2013 8:14:51 PM
True,S,1,RSXM,106.892673791977,,,249,LIMIT,0,834,,0,6/3/2013 8:14:51 PM
True,B,1,RSXM,82.7060190599331,,,250,LIMIT,0,741,,0,6/3/2013 8:14:51 PM
True,S,1,RSXM,96.4496622287225,,,251,STOP,0,256,,0,6/3/2013 8:14:51 PM
True,S,1,RSXM,96.2932641791229,,,252,LIMIT,0,519,,0,6/3/2013 8:14:51 PM
True,S,1,RSXM,112.722937760434,,,253,LIMIT,0,683,,0,6/3/2013 8:14:51 PM
True,S,1,RSXM,93.2628658542147,,,254,LIMIT,0,161,,0,6/3/2013 8:14:51 PM
True,S,1,RSXM,100.77607599789,,,255,LIMIT,0,19,,0,6/3/2013 8:14:52 PM
True,S,1,RSXM,86.1622030425544,,,256,LIMIT,0,399,,0,6/3/2013 8:14:52 PM
True,S,1,RSXM,103.394695913324,,,257,LIMIT,0,624,,0,6/3/2013 8:14:52 PM
True,B,1,RSXM,103.462907054833,,,258,MARKET,0,775,,0,6/3/2013 8:14:52 PM
True,S,1,RSXM,97.3385561422804,,,259,LIMIT,0,456,,0,6/3/2013 8:14:52 PM
True,B,1,RSXM,88.8984832692572,,,260,MARKET,0,998,,0,6/3/2013 8:14:52 PM
True,B,1,RSXM,95.9192975630305,,,261,LIMIT,0,831,,0,6/3/2013 8:14:52 PM
True,B,1,RSXM,109.231468896709,,,262,LIMIT,0,369,,0,6/3/2013 8:14:52 PM
True,B,1,RSXM,103.621047613858,,,263,LIMIT,0,12,,0,6/3/2013 8:14:52 PM
True,B,1,RSXM,103.126297098164,,,264,LIMIT,0,857,,0,6/3/2013 8:14:52 PM
True,S,1,RSXM,118.547861191648,,,265,STOP,0,243,,0,6/3/2013 8:14:53 PM
True,B,1,RSXM,109.951848940335,,,266,MARKET,0,741,,0,6/3/2013 8:14:53 PM
True,B,1,RSXM,100.465162808363,,,267,LIMIT,0,440,,0,6/3/2013 8:14:53 PM
True,B,1,RSXM,107.512880043337,,,268,LIMIT,0,692,,0,6/3/2013 8:14:53 PM
True,S,1,RSXM,101.139244572277,,,269,LIMIT,0,981,,0,6/3/2013 8:14:53 PM
True,S,1,RSXM,77.9836963808212,,,270,MARKET,0,20,,0,6/3/2013 8:14:53 PM
True,B,1,RSXM,79.1016014101618,,,271,LIMIT,0,118,,0,6/3/2013 8:14:53 PM
True,B,1,RSXM,109.189161264196,,,272,STOP,0,770,,0,6/3/2013 8:14:53 PM
True,S,1,RSXM,108.139295375728,,,273,LIMIT,0,799,,0,6/3/2013 8:14:53 PM
True,B,1,RSXM,114.586362525395,,,274,MARKET,0,969,,0,6/3/2013 8:14:53 PM
True,S,1,RSXM,87.0630638716609,,,275,LIMIT,0,457,,0,6/3/2013 8:14:54 PM
True,S,1,RSXM,95.2757946200154,,,276,LIMIT,0,893,,0,6/3/2013 8:14:54 PM
True,S,1,RSXM,84.6550938693657,,,277,MARKET,0,734,,0,6/3/2013 8:14:54 PM
True,S,1,RSXM,107.540844446788,,,278,LIMIT,0,500,,0,6/3/2013 8:14:54 PM
True,B,1,RSXM,95.4827379670467,,,279,LIMIT,0,261,,0,6/3/2013 8:14:54 PM
True,B,1,RSXM,98.3384331099399,,,280,MARKET,0,279,,0,6/3/2013 8:14:54 PM
True,B,1,RSXM,100.89485994894,,,281,MARKET,0,118,,0,6/3/2013 8:14:54 PM
True,S,1,RSXM,101.393328634157,,,282,MARKET,0,574,,0,6/3/2013 8:14:54 PM
True,S,1,RSXM,101.057552641516,,,283,LIMIT,0,482,,0,6/3/2013 8:14:54 PM
True,B,1,RSXM,112.372132064045,,,284,LIMIT,0,507,,0,6/3/2013 8:14:54 PM
True,B,1,RSXM,88.4055406808296,,,285,MARKET,0,153,,0,6/3/2013 8:14:55 PM
True,B,1,RSXM,91.6595196739359,,,286,STOP,0,471,,0,6/3/2013 8:14:55 PM
True,S,1,RSXM,96.8829356032916,,,287,LIMIT,0,180,,0,6/3/2013 8:14:55 PM
True,S,1,RSXM,99.9070930552751,,,288,LIMIT,0,993,,0,6/3/2013 8:14:55 PM
True,B,1,RSXM,83.1387046288753,,,289,LIMIT,0,751,,0,6/3/2013 8:14:55 PM
True,B,1,RSXM,98.3826712146223,,,290,MARKET,0,687,,0,6/3/2013 8:14:55 PM
True,S,1,RSXM,97.737410778574,,,291,LIMIT,0,205,,0,6/3/2013 8:14:55 PM
True,S,1,RSXM,101.351229829049,,,292,LIMIT,0,479,,0,6/3/2013 8:14:55 PM
True,B,1,RSXM,94.2869627294498,,,293,LIMIT,0,620,,0,6/3/2013 8:14:55 PM
True,B,1,RSXM,113.850521050276,,,294,LIMIT,0,717,,0,6/3/2013 8:14:55 PM
True,S,1,RSXM,116.591705771536,,,295,LIMIT,0,346,,0,6/3/2013 8:14:56 PM
True,B,1,RSXM,77.4955793989092,,,296,LIMIT,0,563,,0,6/3/2013 8:14:56 PM
True,S,1,RSXM,93.4358086806294,,,297,LIMIT,0,730,,0,6/3/2013 8:14:56 PM
True,S,1,RSXM,93.6606621188269,,,298,LIMIT,0,870,,0,6/3/2013 8:14:56 PM
True,S,1,RSXM,102.103748161789,,,299,LIMIT,0,495,,0,6/3/2013 8:14:56 PM
True,S,1,RSXM,106.852149128667,,,300,LIMIT,0,794,,0,6/3/2013 8:14:56 PM
True,S,1,RSXM,96.2596693514579,,,301,LIMIT,0,356,,0,6/3/2013 8:14:56 PM
True,S,1,RSXM,111.037613174093,,,302,MARKET,0,62,,0,6/3/2013 8:14:56 PM
True,B,1,RSXM,101.338121378584,,,303,LIMIT,0,422,,0,6/3/2013 8:14:56 PM
True,B,1,RSXM,113.036146431057,,,304,MARKET,0,779,,0,6/3/2013 8:14:56 PM
True,B,1,RSXM,112.929472145039,,,305,LIMIT,0,185,,0,6/3/2013 8:14:57 PM
True,S,1,RSXM,98.7282074065167,,,306,STOP,0,803,,0,6/3/2013 8:14:57 PM
True,B,1,RSXM,86.5476211520067,,,307,STOP,0,716,,0,6/3/2013 8:14:57 PM
True,S,1,RSXM,103.400931439972,,,308,LIMIT,0,455,,0,6/3/2013 8:14:57 PM
True,S,1,RSXM,108.394782931419,,,309,MARKET,0,510,,0,6/3/2013 8:14:57 PM
True,B,1,RSXM,106.83716750231,,,310,LIMIT,0,753,,0,6/3/2013 8:14:57 PM
True,B,1,RSXM,91.8637387072666,,,311,STOP,0,501,,0,6/3/2013 8:14:57 PM
True,B,1,RSXM,94.386430120353,,,312,LIMIT,0,316,,0,6/3/2013 8:14:57 PM
True,S,1,RSXM,91.4629857789881,,,313,LIMIT,0,858,,0,6/3/2013 8:14:57 PM
True,B,1,RSXM,103.350643530353,,,314,LIMIT,0,531,,0,6/3/2013 8:14:57 PM
True,B,1,RSXM,100.015677273789,,,315,LIMIT,0,448,,0,6/3/2013 8:14:58 PM
True,S,1,RSXM,90.4211114589634,,,316,LIMIT,0,641,,0,6/3/2013 8:14:58 PM
True,S,1,RSXM,88.9295920041803,,,317,LIMIT,0,67,,0,6/3/2013 8:14:58 PM
True,B,1,RSXM,102.165741256976,,,318,MARKET,0,773,,0,6/3/2013 8:14:58 PM
True,S,1,RSXM,108.423468833405,,,319,LIMIT,0,865,,0,6/3/2013 8:14:58 PM
True,S,1,RSXM,94.4813351693022,,,320,LIMIT,0,74,,0,6/3/2013 8:14:58 PM
True,S,1,RSXM,113.849992407287,,,321,MARKET,0,636,,0,6/3/2013 8:14:58 PM
True,S,1,RSXM,107.442980565531,,,322,LIMIT,0,665,,0,6/3/2013 8:14:58 PM
True,S,1,RSXM,89.2877484624858,,,323,MARKET,0,364,,0,6/3/2013 8:14:58 PM
True,B,1,RSXM,94.6276613251368,,,324,LIMIT,0,549,,0,6/3/2013 8:14:58 PM
True,B,1,RSXM,97.0109554463347,,,325,MARKET,0,709,,0,6/3/2013 8:14:59 PM
True,S,1,RSXM,107.208126319597,,,326,STOP,0,783,,0,6/3/2013 8:14:59 PM
True,S,1,RSXM,106.634734878514,,,327,LIMIT,0,319,,0,6/3/2013 8:14:59 PM
True,S,1,RSXM,107.697995467051,,,328,LIMIT,0,567,,0,6/3/2013 8:14:59 PM
True,B,1,RSXM,102.391854184252,,,329,LIMIT,0,84,,0,6/3/2013 8:14:59 PM
True,B,1,RSXM,102.917383217165,,,330,MARKET,0,910,,0,6/3/2013 8:14:59 PM
True,S,1,RSXM,106.262910583049,,,331,MARKET,0,545,,0,6/3/2013 8:14:59 PM
True,B,1,RSXM,94.1706184930911,,,332,MARKET,0,140,,0,6/3/2013 8:14:59 PM
True,S,1,RSXM,96.6466199379887,,,333,MARKET,0,732,,0,6/3/2013 8:14:59 PM
True,S,1,RSXM,97.1236915007184,,,334,LIMIT,0,367,,0,6/3/2013 8:14:59 PM
True,S,1,RSXM,88.5912997130593,,,335,LIMIT,0,476,,0,6/3/2013 8:15:00 PM
True,S,1,RSXM,113.302660006694,,,336,LIMIT,0,894,,0,6/3/2013 8:15:00 PM
True,S,1,RSXM,96.7790204311751,,,337,LIMIT,0,887,,0,6/3/2013 8:15:00 PM
True,B,1,RSXM,110.910468500969,,,338,LIMIT,0,841,,0,6/3/2013 8:15:00 PM
True,B,1,RSXM,109.447631196205,,,339,LIMIT,0,628,,0,6/3/2013 8:15:00 PM
True,B,1,RSXM,108.294909187444,,,340,LIMIT,0,299,,0,6/3/2013 8:15:00 PM
True,S,1,RSXM,102.152028460115,,,341,MARKET,0,161,,0,6/3/2013 8:15:00 PM
True,B,1,RSXM,88.9570553092413,,,342,LIMIT,0,656,,0,6/3/2013 8:15:00 PM
True,S,1,RSXM,112.563062755462,,,343,LIMIT,0,89,,0,6/3/2013 8:15:00 PM
True,B,1,RSXM,108.782197024591,,,344,LIMIT,0,436,,0,6/3/2013 8:15:00 PM
True,S,1,RSXM,113.506079384013,,,345,LIMIT,0,15,,0,6/3/2013 8:15:01 PM
True,B,1,RSXM,107.439173426809,,,346,LIMIT,0,147,,0,6/3/2013 8:15:01 PM
True,S,1,RSXM,74.3815507372332,,,347,MARKET,0,668,,0,6/3/2013 8:15:01 PM
True,S,1,RSXM,92.6065217645508,,,348,STOP,0,842,,0,6/3/2013 8:15:01 PM
True,B,1,RSXM,86.5847961109563,,,349,STOP,0,68,,0,6/3/2013 8:15:01 PM
True,S,1,RSXM,106.807873819886,,,350,LIMIT,0,498,,0,6/3/2013 8:15:01 PM
True,S,1,RSXM,111.253378010203,,,351,MARKET,0,768,,0,6/3/2013 8:15:01 PM
True,S,1,RSXM,104.648669086314,,,352,LIMIT,0,705,,0,6/3/2013 8:15:01 PM
True,S,1,RSXM,94.2434645598252,,,353,LIMIT,0,172,,0,6/3/2013 8:15:01 PM
True,S,1,RSXM,104.1550054988,,,354,MARKET,0,522,,0,6/3/2013 8:15:01 PM
True,S,1,RSXM,90.4556236372568,,,355,STOP,0,466,,0,6/3/2013 8:15:02 PM
True,B,1,RSXM,92.7204567959088,,,356,LIMIT,0,122,,0,6/3/2013 8:15:02 PM
True,S,1,RSXM,98.3186623546147,,,357,LIMIT,0,347,,0,6/3/2013 8:15:02 PM
True,S,1,RSXM,96.411038519832,,,358,LIMIT,0,109,,0,6/3/2013 8:15:02 PM
True,S,1,RSXM,105.066626804833,,,359,LIMIT,0,769,,0,6/3/2013 8:15:02 PM
True,S,1,RSXM,96.7929755826874,,,360,MARKET,0,509,,0,6/3/2013 8:15:02 PM
True,B,1,RSXM,103.187828562018,,,361,LIMIT,0,956,,0,6/3/2013 8:15:02 PM
True,S,1,RSXM,118.540717227485,,,362,LIMIT,0,234,,0,6/3/2013 8:15:02 PM
True,B,1,RSXM,108.688394347818,,,363,MARKET,0,603,,0,6/3/2013 8:15:02 PM
True,B,1,RSXM,118.121398696395,,,364,LIMIT,0,551,,0,6/3/2013 8:15:02 PM
True,B,1,RSXM,89.1358430518638,,,365,LIMIT,0,76,,0,6/3/2013 8:15:03 PM
True,S,1,RSXM,81.8018618137491,,,366,STOP,0,462,,0,6/3/2013 8:15:03 PM
True,S,1,RSXM,121.727977307208,,,367,LIMIT,0,135,,0,6/3/2013 8:15:03 PM
True,S,1,RSXM,91.2582032707653,,,368,MARKET,0,229,,0,6/3/2013 8:15:03 PM
True,S,1,RSXM,99.7615703803788,,,369,LIMIT,0,679,,0,6/3/2013 8:15:03 PM
True,B,1,RSXM,106.356051229741,,,370,LIMIT,0,539,,0,6/3/2013 8:15:03 PM
True,B,1,RSXM,115.913513879888,,,371,LIMIT,0,516,,0,6/3/2013 8:15:03 PM
True,B,1,RSXM,112.230997017961,,,372,LIMIT,0,722,,0,6/3/2013 8:15:03 PM
True,S,1,RSXM,95.5293983642036,,,373,MARKET,0,120,,0,6/3/2013 8:15:03 PM
True,S,1,RSXM,96.7845412910065,,,374,STOP,0,289,,0,6/3/2013 8:15:03 PM
True,B,1,RSXM,105.443953745988,,,375,MARKET,0,91,,0,6/3/2013 8:15:04 PM
True,B,1,RSXM,98.401585510203,,,376,STOP,0,489,,0,6/3/2013 8:15:04 PM
True,S,1,RSXM,90.6984684612764,,,377,STOP,0,476,,0,6/3/2013 8:15:04 PM
True,S,1,RSXM,96.7949465004763,,,378,LIMIT,0,587,,0,6/3/2013 8:15:04 PM
True,S,1,RSXM,111.69998292664,,,379,STOP,0,347,,0,6/3/2013 8:15:04 PM
True,S,1,RSXM,101.314242318052,,,380,LIMIT,0,212,,0,6/3/2013 8:15:04 PM
True,S,1,RSXM,88.5235235027378,,,381,LIMIT,0,392,,0,6/3/2013 8:15:04 PM
True,B,1,RSXM,98.4029438829026,,,382,MARKET,0,899,,0,6/3/2013 8:15:04 PM
True,S,1,RSXM,126.245954786009,,,383,LIMIT,0,919,,0,6/3/2013 8:15:04 PM
True,B,1,RSXM,66.2616894492502,,,384,LIMIT,0,69,,0,6/3/2013 8:15:04 PM
True,B,1,RSXM,107.311633882894,,,385,MARKET,0,226,,0,6/3/2013 8:15:05 PM
True,S,1,RSXM,110.174638044349,,,386,MARKET,0,8,,0,6/3/2013 8:15:05 PM
True,S,1,RSXM,103.070548185106,,,387,MARKET,0,207,,0,6/3/2013 8:15:05 PM
True,B,1,RSXM,91.6187729923908,,,388,LIMIT,0,499,,0,6/3/2013 8:15:05 PM
True,S,1,RSXM,98.3670561096157,,,389,LIMIT,0,64,,0,6/3/2013 8:15:05 PM
True,S,1,RSXM,96.4007374518577,,,390,LIMIT,0,645,,0,6/3/2013 8:15:05 PM
True,B,1,RSXM,90.3506206295846,,,391,MARKET,0,783,,0,6/3/2013 8:15:05 PM
True,B,1,RSXM,98.9383286270227,,,392,STOP,0,127,,0,6/3/2013 8:15:05 PM
True,B,1,RSXM,71.3734234537686,,,393,LIMIT,0,672,,0,6/3/2013 8:15:05 PM
True,B,1,RSXM,96.5682331985922,,,394,MARKET,0,233,,0,6/3/2013 8:15:05 PM
True,S,1,RSXM,101.378123091491,,,395,MARKET,0,529,,0,6/3/2013 8:15:06 PM
True,B,1,RSXM,94.8095857815607,,,396,LIMIT,0,658,,0,6/3/2013 8:15:06 PM
True,S,1,RSXM,110.887960734687,,,397,LIMIT,0,85,,0,6/3/2013 8:15:06 PM
True,S,1,RSXM,80.7948206445168,,,398,MARKET,0,724,,0,6/3/2013 8:15:06 PM
True,B,1,RSXM,81.9752126367075,,,399,LIMIT,0,316,,0,6/3/2013 8:15:06 PM
True,S,1,RSXM,108.461511947675,,,400,LIMIT,0,305,,0,6/3/2013 8:15:06 PM
True,S,1,RSXM,116.685300659025,,,401,LIMIT,0,352,,0,6/3/2013 8:15:06 PM
True,B,1,RSXM,99.0865166944838,,,402,STOP,0,132,,0,6/3/2013 8:15:06 PM
True,B,1,RSXM,101.047770759159,,,403,LIMIT,0,326,,0,6/3/2013 8:15:06 PM
True,B,1,RSXM,112.00648464967,,,404,LIMIT,0,84,,0,6/3/2013 8:15:06 PM
True,S,1,RSXM,100.082929862547,,,405,MARKET,0,951,,0,6/3/2013 8:15:07 PM
True,S,1,RSXM,88.4998779406117,,,406,LIMIT,0,418,,0,6/3/2013 8:15:07 PM
True,S,1,RSXM,93.457424595071,,,407,MARKET,0,685,,0,6/3/2013 8:15:07 PM
True,B,1,RSXM,96.8934277811133,,,408,LIMIT,0,303,,0,6/3/2013 8:15:07 PM
True,S,1,RSXM,106.645563255248,,,409,LIMIT,0,210,,0,6/3/2013 8:15:07 PM
True,B,1,RSXM,101.053045189524,,,410,LIMIT,0,691,,0,6/3/2013 8:15:07 PM
True,S,1,RSXM,82.5734499961201,,,411,MARKET,0,719,,0,6/3/2013 8:15:07 PM
True,B,1,RSXM,91.2411276888694,,,412,LIMIT,0,751,,0,6/3/2013 8:15:07 PM
True,S,1,RSXM,98.4203934434289,,,413,STOP,0,832,,0,6/3/2013 8:15:07 PM
True,S,1,RSXM,101.313494538953,,,414,LIMIT,0,316,,0,6/3/2013 8:15:07 PM
True,S,1,RSXM,104.179538206949,,,415,STOP,0,952,,0,6/3/2013 8:15:08 PM
True,S,1,RSXM,105.8980034403,,,416,LIMIT,0,740,,0,6/3/2013 8:15:08 PM
True,S,1,RSXM,113.254721321879,,,417,MARKET,0,952,,0,6/3/2013 8:15:08 PM
True,S,1,RSXM,83.9115434168104,,,418,LIMIT,0,156,,0,6/3/2013 8:15:08 PM
True,S,1,RSXM,105.592441896856,,,419,MARKET,0,144,,0,6/3/2013 8:15:08 PM
True,B,1,RSXM,101.417423680665,,,420,LIMIT,0,248,,0,6/3/2013 8:15:08 PM
True,S,1,RSXM,92.3810516502947,,,421,LIMIT,0,269,,0,6/3/2013 8:15:08 PM
True,B,1,RSXM,103.809917950995,,,422,LIMIT,0,126,,0,6/3/2013 8:15:08 PM
True,S,1,RSXM,106.056731423073,,,423,LIMIT,0,730,,0,6/3/2013 8:15:08 PM
True,B,1,RSXM,100.066774350268,,,424,STOP,0,878,,0,6/3/2013 8:15:08 PM
True,B,1,RSXM,88.7983417148525,,,425,LIMIT,0,739,,0,6/3/2013 8:15:09 PM
True,B,1,RSXM,104.528111546922,,,426,MARKET,0,870,,0,6/3/2013 8:15:09 PM
True,S,1,RSXM,95.8424813742657,,,427,LIMIT,0,559,,0,6/3/2013 8:15:09 PM
True,B,1,RSXM,90.8615497643846,,,428,LIMIT,0,611,,0,6/3/2013 8:15:09 PM
True,S,1,RSXM,92.2343836860651,,,429,STOP,0,898,,0,6/3/2013 8:15:09 PM
True,S,1,RSXM,123.109285218409,,,430,MARKET,0,612,,0,6/3/2013 8:15:09 PM
True,S,1,RSXM,103.781157843525,,,431,LIMIT,0,661,,0,6/3/2013 8:15:09 PM
True,S,1,RSXM,103.559636367814,,,432,LIMIT,0,852,,0,6/3/2013 8:15:09 PM
True,B,1,RSXM,107.291128380163,,,433,LIMIT,0,224,,0,6/3/2013 8:15:09 PM
True,B,1,RSXM,96.4291143677059,,,434,LIMIT,0,22,,0,6/3/2013 8:15:09 PM
True,S,1,RSXM,90.6247885507177,,,435,MARKET,0,138,,0,6/3/2013 8:15:10 PM
True,S,1,RSXM,98.7326671986401,,,436,LIMIT,0,191,,0,6/3/2013 8:15:10 PM
True,B,1,RSXM,108.609705969319,,,437,MARKET,0,136,,0,6/3/2013 8:15:10 PM
True,B,1,RSXM,88.7769681681582,,,438,LIMIT,0,762,,0,6/3/2013 8:15:10 PM
True,B,1,RSXM,101.45097255593,,,439,STOP,0,882,,0,6/3/2013 8:15:10 PM
True,B,1,RSXM,95.8535640111596,,,440,LIMIT,0,84,,0,6/3/2013 8:15:10 PM
True,B,1,RSXM,95.8861114203264,,,441,STOP,0,191,,0,6/3/2013 8:15:10 PM
True,S,1,RSXM,98.7610030007449,,,442,LIMIT,0,125,,0,6/3/2013 8:15:10 PM
True,S,1,RSXM,105.031996448641,,,443,MARKET,0,408,,0,6/3/2013 8:15:10 PM
True,B,1,RSXM,97.5636158909253,,,444,STOP,0,146,,0,6/3/2013 8:15:10 PM
True,B,1,RSXM,96.0801051567924,,,445,MARKET,0,398,,0,6/3/2013 8:15:11 PM
True,B,1,RSXM,91.7588593752264,,,446,LIMIT,0,753,,0,6/3/2013 8:15:11 PM
True,S,1,RSXM,105.44345950506,,,447,LIMIT,0,713,,0,6/3/2013 8:15:11 PM
True,B,1,RSXM,108.471817206494,,,448,LIMIT,0,881,,0,6/3/2013 8:15:11 PM
True,B,1,RSXM,90.1142590898684,,,449,LIMIT,0,880,,0,6/3/2013 8:15:11 PM
True,B,1,RSXM,93.992889245932,,,450,LIMIT,0,758,,0,6/3/2013 8:15:11 PM
True,S,1,RSXM,90.697118847277,,,451,MARKET,0,11,,0,6/3/2013 8:15:11 PM
True,B,1,RSXM,90.4706952276717,,,452,MARKET,0,357,,0,6/3/2013 8:15:11 PM
True,B,1,RSXM,102.40062818794,,,453,LIMIT,0,29,,0,6/3/2013 8:15:11 PM
True,S,1,RSXM,115.432138111365,,,454,LIMIT,0,795,,0,6/3/2013 8:15:11 PM
True,B,1,RSXM,89.2502729899001,,,455,LIMIT,0,537,,0,6/3/2013 8:15:12 PM
True,S,1,RSXM,95.5327267345165,,,456,LIMIT,0,921,,0,6/3/2013 8:15:12 PM
True,B,1,RSXM,111.309085477172,,,457,STOP,0,589,,0,6/3/2013 8:15:12 PM
True,S,1,RSXM,83.614043953911,,,458,LIMIT,0,869,,0,6/3/2013 8:15:12 PM
True,B,1,RSXM,95.2634676620221,,,459,LIMIT,0,577,,0,6/3/2013 8:15:12 PM
True,S,1,RSXM,107.562430920826,,,460,LIMIT,0,625,,0,6/3/2013 8:15:12 PM
True,B,1,RSXM,104.814885834156,,,461,LIMIT,0,819,,0,6/3/2013 8:15:12 PM
True,S,1,RSXM,100.708119795894,,,462,LIMIT,0,232,,0,6/3/2013 8:15:12 PM
True,B,1,RSXM,105.122007424157,,,463,STOP,0,297,,0,6/3/2013 8:15:12 PM
True,B,1,RSXM,93.9995374232167,,,464,LIMIT,0,447,,0,6/3/2013 8:15:12 PM
True,B,1,RSXM,100.024252686704,,,465,LIMIT,0,236,,0,6/3/2013 8:15:13 PM
True,B,1,RSXM,98.5315880073331,,,466,STOP,0,426,,0,6/3/2013 8:15:13 PM
True,S,1,RSXM,95.8185461685595,,,467,LIMIT,0,653,,0,6/3/2013 8:15:13 PM
True,B,1,RSXM,97.1155801871301,,,468,LIMIT,0,932,,0,6/3/2013 8:15:13 PM
True,B,1,RSXM,92.1224406523588,,,469,LIMIT,0,304,,0,6/3/2013 8:15:13 PM
True,B,1,RSXM,105.001213832673,,,470,LIMIT,0,336,,0,6/3/2013 8:15:13 PM
True,S,1,RSXM,106.647105860451,,,471,LIMIT,0,343,,0,6/3/2013 8:15:13 PM
True,S,1,RSXM,103.345775249594,,,472,STOP,0,319,,0,6/3/2013 8:15:13 PM
True,S,1,RSXM,91.2322429624667,,,473,MARKET,0,513,,0,6/3/2013 8:15:13 PM
True,B,1,RSXM,92.498829925751,,,474,LIMIT,0,117,,0,6/3/2013 8:15:13 PM
True,S,1,RSXM,81.4447099471397,,,475,LIMIT,0,936,,0,6/3/2013 8:15:14 PM
True,B,1,RSXM,104.302989781428,,,476,LIMIT,0,222,,0,6/3/2013 8:15:14 PM
True,B,1,RSXM,91.9423422244852,,,477,LIMIT,0,506,,0,6/3/2013 8:15:14 PM
True,S,1,RSXM,106.135773161111,,,478,LIMIT,0,733,,0,6/3/2013 8:15:14 PM
True,B,1,RSXM,80.0635059014114,,,479,LIMIT,0,230,,0,6/3/2013 8:15:14 PM
True,S,1,RSXM,114.105234749159,,,480,LIMIT,0,792,,0,6/3/2013 8:15:14 PM
True,S,1,RSXM,100.109793182967,,,481,MARKET,0,423,,0,6/3/2013 8:15:14 PM
True,B,1,RSXM,88.5278618417642,,,482,MARKET,0,645,,0,6/3/2013 8:15:14 PM
True,S,1,RSXM,104.922934673513,,,483,LIMIT,0,501,,0,6/3/2013 8:15:14 PM
True,S,1,RSXM,112.200916098107,,,484,LIMIT,0,383,,0,6/3/2013 8:15:14 PM
True,B,1,RSXM,93.9147122098626,,,485,LIMIT,0,466,,0,6/3/2013 8:15:15 PM
True,B,1,RSXM,102.227969374459,,,486,MARKET,0,424,,0,6/3/2013 8:15:15 PM
True,S,1,RSXM,105.668787171025,,,487,MARKET,0,567,,0,6/3/2013 8:15:15 PM
True,S,1,RSXM,108.933079557998,,,488,MARKET,0,239,,0,6/3/2013 8:15:15 PM
True,B,1,RSXM,99.661467733048,,,489,LIMIT,0,188,,0,6/3/2013 8:15:15 PM
True,B,1,RSXM,118.206419534722,,,490,LIMIT,0,624,,0,6/3/2013 8:15:15 PM
True,S,1,RSXM,89.9377368219437,,,491,LIMIT,0,250,,0,6/3/2013 8:15:15 PM
True,S,1,RSXM,104.95488960108,,,492,LIMIT,0,810,,0,6/3/2013 8:15:15 PM
True,S,1,RSXM,95.1746715759808,,,493,LIMIT,0,615,,0,6/3/2013 8:15:15 PM
True,B,1,RSXM,95.4126177927248,,,494,MARKET,0,853,,0,6/3/2013 8:15:15 PM
True,S,1,RSXM,113.828019646315,,,495,MARKET,0,217,,0,6/3/2013 8:15:16 PM
True,S,1,RSXM,87.5641262992071,,,496,MARKET,0,572,,0,6/3/2013 8:15:16 PM
True,S,1,RSXM,111.783017124297,,,497,LIMIT,0,367,,0,6/3/2013 8:15:16 PM
True,S,1,RSXM,116.270473101494,,,498,LIMIT,0,810,,0,6/3/2013 8:15:16 PM
True,B,1,RSXM,105.995634290324,,,499,LIMIT,0,962,,0,6/3/2013 8:15:16 PM
True,S,1,RSXM,114.519288718599,,,500,MARKET,0,616,,0,6/3/2013 8:15:16 PM
True,B,1,RSXM,107.94457733525,,,501,MARKET,0,345,,0,6/3/2013 8:15:16 PM
